date,store,sales
2022-01-01,Store_A,7762.46
2022-01-02,Store_A,7417.29
2022-01-03,Store_A,7738.68
2022-01-04,Store_A,6930.18
2022-01-05,Store_A,5958.3
2022-01-06,Store_A,5971.03
2022-01-07,Store_A,9067.3
2022-01-08,Store_A,7999.03
2022-01-09,Store_A,7320.76
2022-01-10,Store_A,6462.46
2022-01-11,Store_A,5914.63
2022-01-12,Store_A,5929.39
2022-01-13,Store_A,6342.31
2022-01-14,Store_A,5152.53
2022-01-15,Store_A,6715.7
2022-01-16,Store_A,9877.75
2022-01-17,Store_A,5711.44
2022-01-18,Store_A,6473.88
2022-01-19,Store_A,5809.2
2022-01-20,Store_A,5547.11
2022-01-21,Store_A,7179.58
2022-01-22,Store_A,7693.7
2022-01-23,Store_A,7879.77
2022-01-24,Store_A,5626.4
2022-01-25,Store_A,6142.2
2022-01-26,Store_A,6532.45
2022-01-27,Store_A,5849.53
2022-01-28,Store_A,6728.7
2022-01-29,Store_A,7646.64
2022-01-30,Store_A,7844.79
2022-01-31,Store_A,6256.77
2022-02-01,Store_A,7657.04
2022-02-02,Store_A,6638.67
2022-02-03,Store_A,6080.81
2022-02-04,Store_A,9628.35
2022-02-05,Store_A,7484.51
2022-02-06,Store_A,8313.28
2022-02-07,Store_A,5687.44
2022-02-08,Store_A,6070.01
2022-02-09,Store_A,6953.35
2022-02-10,Store_A,7286.34
2022-02-11,Store_A,6998.83
2022-02-12,Store_A,8308.52
2022-02-13,Store_A,8235.44
2022-02-14,Store_A,6167.21
2022-02-15,Store_A,8865.63
2022-02-16,Store_A,6800.46
2022-02-17,Store_A,7682.51
2022-02-18,Store_A,7315.36
2022-02-19,Store_A,7608.34
2022-02-20,Store_A,8810.14
2022-02-21,Store_A,7006.29
2022-02-22,Store_A,6876.43
2022-02-23,Store_A,7631.87
2022-02-24,Store_A,7900.78
2022-02-25,Store_A,7879.27
2022-02-26,Store_A,8362.36
2022-02-27,Store_A,8693.97
2022-02-28,Store_A,7647.65
2022-03-01,Store_A,8043.68
2022-03-02,Store_A,7264.47
2022-03-03,Store_A,7464.45
2022-03-04,Store_A,6984.67
2022-03-05,Store_A,10318.51
2022-03-06,Store_A,9571.34
2022-03-07,Store_A,8472.1
2022-03-08,Store_A,7708.71
2022-03-09,Store_A,8347.57
2022-03-10,Store_A,8024.78
2022-03-11,Store_A,7497.79
2022-03-12,Store_A,9538.33
2022-03-13,Store_A,10234.23
2022-03-14,Store_A,7949.93
2022-03-15,Store_A,8883.33
2022-03-16,Store_A,6577.27
2022-03-17,Store_A,8541.84
2022-03-18,Store_A,8167.61
2022-03-19,Store_A,9428.74
2022-03-20,Store_A,9684.9
2022-03-21,Store_A,7117.83
2022-03-22,Store_A,8145.2
2022-03-23,Store_A,8505.54
2022-03-24,Store_A,11553.71
2022-03-25,Store_A,8089.93
2022-03-26,Store_A,9404.65
2022-03-27,Store_A,9613.62
2022-03-28,Store_A,9004.37
2022-03-29,Store_A,8712.9
2022-03-30,Store_A,8269.12
2022-03-31,Store_A,8890.11
2022-04-01,Store_A,8693.83
2022-04-02,Store_A,10658.59
2022-04-03,Store_A,9759.55
2022-04-04,Store_A,10893.29
2022-04-05,Store_A,8565.83
2022-04-06,Store_A,10889.79
2022-04-07,Store_A,9023.34
2022-04-08,Store_A,9039.5
2022-04-09,Store_A,10371.8
2022-04-10,Store_A,10272.99
2022-04-11,Store_A,8206.98
2022-04-12,Store_A,8799.05
2022-04-13,Store_A,8877.49
2022-04-14,Store_A,8654.71
2022-04-15,Store_A,9047.99
2022-04-16,Store_A,10838.67
2022-04-17,Store_A,11702.49
2022-04-18,Store_A,9337.56
2022-04-19,Store_A,9417.31
2022-04-20,Store_A,9264.4
2022-04-21,Store_A,8264.29
2022-04-22,Store_A,9356.37
2022-04-23,Store_A,10877.05
2022-04-24,Store_A,12254.51
2022-04-25,Store_A,9358.83
2022-04-26,Store_A,9666.54
2022-04-27,Store_A,9509.01
2022-04-28,Store_A,8904.41
2022-04-29,Store_A,10228.91
2022-04-30,Store_A,11479.71
2022-05-01,Store_A,11530.92
2022-05-02,Store_A,9167.62
2022-05-03,Store_A,10490.98
2022-05-04,Store_A,8948.52
2022-05-05,Store_A,10089.93
2022-05-06,Store_A,11015.27
2022-05-07,Store_A,10700.81
2022-05-08,Store_A,10964.85
2022-05-09,Store_A,12461.85
2022-05-10,Store_A,9611.65
2022-05-11,Store_A,9050.37
2022-05-12,Store_A,9981.82
2022-05-13,Store_A,9372.75
2022-05-14,Store_A,11696.61
2022-05-15,Store_A,10939.8
2022-05-16,Store_A,10905.44
2022-05-17,Store_A,9621.16
2022-05-18,Store_A,9901.25
2022-05-19,Store_A,10558.49
2022-05-20,Store_A,9434.45
2022-05-21,Store_A,11711.42
2022-05-22,Store_A,12335.84
2022-05-23,Store_A,9282.92
2022-05-24,Store_A,10305.26
2022-05-25,Store_A,10365.62
2022-05-26,Store_A,10675.59
2022-05-27,Store_A,9562.23
2022-05-28,Store_A,10972.08
2022-05-29,Store_A,12019.88
2022-05-30,Store_A,10469.42
2022-05-31,Store_A,10458.34
2022-06-01,Store_A,10526.48
2022-06-02,Store_A,9965.5
2022-06-03,Store_A,10489.66
2022-06-04,Store_A,11976.43
2022-06-05,Store_A,11424.41
2022-06-06,Store_A,14211.15
2022-06-07,Store_A,10672.36
2022-06-08,Store_A,9750.3
2022-06-09,Store_A,10794.94
2022-06-10,Store_A,9890.71
2022-06-11,Store_A,12325.97
2022-06-12,Store_A,12542.1
2022-06-13,Store_A,10001.21
2022-06-14,Store_A,11007.2
2022-06-15,Store_A,10705.19
2022-06-16,Store_A,10940.12
2022-06-17,Store_A,11547.11
2022-06-18,Store_A,11792.04
2022-06-19,Store_A,11511.33
2022-06-20,Store_A,9998.66
2022-06-21,Store_A,10042.71
2022-06-22,Store_A,10458.56
2022-06-23,Store_A,10694.38
2022-06-24,Store_A,10659.27
2022-06-25,Store_A,12407.96
2022-06-26,Store_A,11951.83
2022-06-27,Store_A,11317.75
2022-06-28,Store_A,10354.2
2022-06-29,Store_A,12023.75
2022-06-30,Store_A,10848.3
2022-07-01,Store_A,10014.79
2022-07-02,Store_A,11331.4
2022-07-03,Store_A,12197.0
2022-07-04,Store_A,10356.81
2022-07-05,Store_A,10876.36
2022-07-06,Store_A,10735.52
2022-07-07,Store_A,10423.14
2022-07-08,Store_A,9982.56
2022-07-09,Store_A,11040.74
2022-07-10,Store_A,11630.73
2022-07-11,Store_A,10911.52
2022-07-12,Store_A,10542.44
2022-07-13,Store_A,9714.99
2022-07-14,Store_A,10499.09
2022-07-15,Store_A,10606.85
2022-07-16,Store_A,11324.54
2022-07-17,Store_A,11893.47
2022-07-18,Store_A,10387.34
2022-07-19,Store_A,9701.51
2022-07-20,Store_A,10528.25
2022-07-21,Store_A,10627.72
2022-07-22,Store_A,10905.47
2022-07-23,Store_A,12313.87
2022-07-24,Store_A,10936.52
2022-07-25,Store_A,9726.61
2022-07-26,Store_A,10523.5
2022-07-27,Store_A,10505.61
2022-07-28,Store_A,10488.65
2022-07-29,Store_A,12339.61
2022-07-30,Store_A,11923.17
2022-07-31,Store_A,12220.31
2022-08-01,Store_A,10659.12
2022-08-02,Store_A,10469.69
2022-08-03,Store_A,9907.95
2022-08-04,Store_A,10488.69
2022-08-05,Store_A,9609.62
2022-08-06,Store_A,11328.1
2022-08-07,Store_A,11166.82
2022-08-08,Store_A,10021.98
2022-08-09,Store_A,11249.44
2022-08-10,Store_A,8884.29
2022-08-11,Store_A,10290.6
2022-08-12,Store_A,8979.14
2022-08-13,Store_A,11033.58
2022-08-14,Store_A,11882.92
2022-08-15,Store_A,9844.0
2022-08-16,Store_A,9179.02
2022-08-17,Store_A,9356.21
2022-08-18,Store_A,10111.26
2022-08-19,Store_A,12934.27
2022-08-20,Store_A,11238.77
2022-08-21,Store_A,11116.06
2022-08-22,Store_A,9258.34
2022-08-23,Store_A,10796.26
2022-08-24,Store_A,9922.79
2022-08-25,Store_A,8405.6
2022-08-26,Store_A,9615.73
2022-08-27,Store_A,10552.11
2022-08-28,Store_A,11371.23
2022-08-29,Store_A,8980.99
2022-08-30,Store_A,9331.26
2022-08-31,Store_A,9648.82
2022-09-01,Store_A,9821.17
2022-09-02,Store_A,8634.32
2022-09-03,Store_A,10529.12
2022-09-04,Store_A,10420.27
2022-09-05,Store_A,8850.01
2022-09-06,Store_A,10174.01
2022-09-07,Store_A,9381.5
2022-09-08,Store_A,8417.84
2022-09-09,Store_A,9607.05
2022-09-10,Store_A,11690.46
2022-09-11,Store_A,11049.14
2022-09-12,Store_A,8148.93
2022-09-13,Store_A,
2022-09-14,Store_A,9646.67
2022-09-15,Store_A,8509.53
2022-09-16,Store_A,9122.94
2022-09-17,Store_A,10716.73
2022-09-18,Store_A,9732.37
2022-09-19,Store_A,8746.62
2022-09-20,Store_A,6933.34
2022-09-21,Store_A,8143.29
2022-09-22,Store_A,8544.02
2022-09-23,Store_A,7955.24
2022-09-24,Store_A,10976.73
2022-09-25,Store_A,9230.32
2022-09-26,Store_A,8313.45
2022-09-27,Store_A,8601.84
2022-09-28,Store_A,9304.56
2022-09-29,Store_A,7662.27
2022-09-30,Store_A,9086.72
2022-10-01,Store_A,9850.19
2022-10-02,Store_A,9264.04
2022-10-03,Store_A,8601.82
2022-10-04,Store_A,10123.74
2022-10-05,Store_A,7946.05
2022-10-06,Store_A,8291.05
2022-10-07,Store_A,8006.14
2022-10-08,Store_A,9695.62
2022-10-09,Store_A,9973.16
2022-10-10,Store_A,9021.05
2022-10-11,Store_A,7410.43
2022-10-12,Store_A,9269.04
2022-10-13,Store_A,6952.53
2022-10-14,Store_A,7932.09
2022-10-15,Store_A,9758.18
2022-10-16,Store_A,9557.96
2022-10-17,Store_A,7584.04
2022-10-18,Store_A,7788.62
2022-10-19,Store_A,7601.79
2022-10-20,Store_A,7520.81
2022-10-21,Store_A,8299.91
2022-10-22,Store_A,9437.65
2022-10-23,Store_A,8823.59
2022-10-24,Store_A,8249.62
2022-10-25,Store_A,7892.49
2022-10-26,Store_A,8150.5
2022-10-27,Store_A,8023.13
2022-10-28,Store_A,7181.91
2022-10-29,Store_A,
2022-10-30,Store_A,9456.93
2022-10-31,Store_A,7916.97
2022-11-01,Store_A,7540.57
2022-11-02,Store_A,11595.48
2022-11-03,Store_A,12223.18
2022-11-04,Store_A,11154.72
2022-11-05,Store_A,13211.11
2022-11-06,Store_A,12770.67
2022-11-07,Store_A,11301.59
2022-11-08,Store_A,12018.84
2022-11-09,Store_A,7846.24
2022-11-10,Store_A,7820.5
2022-11-11,Store_A,8077.39
2022-11-12,Store_A,8779.94
2022-11-13,Store_A,9132.4
2022-11-14,Store_A,7119.57
2022-11-15,Store_A,7458.14
2022-11-16,Store_A,7187.51
2022-11-17,Store_A,7298.98
2022-11-18,Store_A,7562.73
2022-11-19,Store_A,8196.52
2022-11-20,Store_A,13732.88
2022-11-21,Store_A,6623.46
2022-11-22,Store_A,6493.71
2022-11-23,Store_A,10428.6
2022-11-24,Store_A,7592.24
2022-11-25,Store_A,7486.84
2022-11-26,Store_A,8918.17
2022-11-27,Store_A,8548.94
2022-11-28,Store_A,6603.4
2022-11-29,Store_A,9749.57
2022-11-30,Store_A,6708.42
2022-12-01,Store_A,7625.42
2022-12-02,Store_A,6989.28
2022-12-03,Store_A,8042.2
2022-12-04,Store_A,8317.92
2022-12-05,Store_A,7283.13
2022-12-06,Store_A,6730.76
2022-12-07,Store_A,6581.14
2022-12-08,Store_A,7173.77
2022-12-09,Store_A,7170.78
2022-12-10,Store_A,8186.59
2022-12-11,Store_A,8204.16
2022-12-12,Store_A,7155.94
2022-12-13,Store_A,6213.7
2022-12-14,Store_A,6235.67
2022-12-15,Store_A,6621.34
2022-12-16,Store_A,6904.54
2022-12-17,Store_A,8639.18
2022-12-18,Store_A,9292.86
2022-12-19,Store_A,7509.13
2022-12-20,Store_A,6942.05
2022-12-21,Store_A,7024.33
2022-12-22,Store_A,6477.53
2022-12-23,Store_A,7033.13
2022-12-24,Store_A,8326.99
2022-12-25,Store_A,8675.09
2022-12-26,Store_A,6597.45
2022-12-27,Store_A,9263.72
2022-12-28,Store_A,7933.45
2022-12-29,Store_A,9422.29
2022-12-30,Store_A,9716.83
2022-12-31,Store_A,11327.61
2023-01-01,Store_A,10726.29
2023-01-02,Store_A,7246.88
2023-01-03,Store_A,7139.44
2023-01-04,Store_A,7198.65
2023-01-05,Store_A,6723.21
2023-01-06,Store_A,7182.53
2023-01-07,Store_A,8900.97
2023-01-08,Store_A,9448.57
2023-01-09,Store_A,7747.53
2023-01-10,Store_A,10141.43
2023-01-11,Store_A,6811.09
2023-01-12,Store_A,7745.37
2023-01-13,Store_A,7376.15
2023-01-14,Store_A,9956.92
2023-01-15,Store_A,11179.03
2023-01-16,Store_A,6856.3
2023-01-17,Store_A,7009.63
2023-01-18,Store_A,6175.18
2023-01-19,Store_A,7089.93
2023-01-20,Store_A,6979.55
2023-01-21,Store_A,8949.7
2023-01-22,Store_A,9078.18
2023-01-23,Store_A,8519.27
2023-01-24,Store_A,8023.17
2023-01-25,Store_A,7190.66
2023-01-26,Store_A,7033.89
2023-01-27,Store_A,7836.23
2023-01-28,Store_A,8285.65
2023-01-29,Store_A,13771.18
2023-01-30,Store_A,8295.29
2023-01-31,Store_A,7397.66
2023-02-01,Store_A,6727.07
2023-02-02,Store_A,8471.06
2023-02-03,Store_A,7675.65
2023-02-04,Store_A,9900.29
2023-02-05,Store_A,8341.96
2023-02-06,Store_A,7487.33
2023-02-07,Store_A,7854.46
2023-02-08,Store_A,7906.77
2023-02-09,Store_A,7657.74
2023-02-10,Store_A,8288.26
2023-02-11,Store_A,11878.96
2023-02-12,Store_A,9360.22
2023-02-13,Store_A,8098.09
2023-02-14,Store_A,8349.93
2023-02-15,Store_A,8491.81
2023-02-16,Store_A,7495.29
2023-02-17,Store_A,7298.08
2023-02-18,Store_A,10345.1
2023-02-19,Store_A,9848.41
2023-02-20,Store_A,7836.17
2023-02-21,Store_A,9157.25
2023-02-22,Store_A,8386.95
2023-02-23,Store_A,9016.41
2023-02-24,Store_A,8427.9
2023-02-25,Store_A,11018.44
2023-02-26,Store_A,10881.98
2023-02-27,Store_A,8354.37
2023-02-28,Store_A,9072.89
2023-03-01,Store_A,8925.45
2023-03-02,Store_A,9365.9
2023-03-03,Store_A,8094.73
2023-03-04,Store_A,10495.08
2023-03-05,Store_A,10739.58
2023-03-06,Store_A,7758.1
2023-03-07,Store_A,8116.65
2023-03-08,Store_A,7673.73
2023-03-09,Store_A,8701.39
2023-03-10,Store_A,9290.76
2023-03-11,Store_A,11207.04
2023-03-12,Store_A,10444.11
2023-03-13,Store_A,9911.62
2023-03-14,Store_A,8263.8
2023-03-15,Store_A,8119.9
2023-03-16,Store_A,9079.89
2023-03-17,Store_A,9363.32
2023-03-18,Store_A,10607.22
2023-03-19,Store_A,9505.08
2023-03-20,Store_A,9210.28
2023-03-21,Store_A,8567.03
2023-03-22,Store_A,9709.9
2023-03-23,Store_A,11766.65
2023-03-24,Store_A,8883.21
2023-03-25,Store_A,10599.06
2023-03-26,Store_A,10330.92
2023-03-27,Store_A,9486.17
2023-03-28,Store_A,10093.29
2023-03-29,Store_A,9043.46
2023-03-30,Store_A,9914.72
2023-03-31,Store_A,9372.4
2023-04-01,Store_A,10702.12
2023-04-02,Store_A,11122.87
2023-04-03,Store_A,9199.63
2023-04-04,Store_A,9505.75
2023-04-05,Store_A,9181.26
2023-04-06,Store_A,10988.45
2023-04-07,Store_A,9943.93
2023-04-08,Store_A,11008.13
2023-04-09,Store_A,11555.43
2023-04-10,Store_A,9968.12
2023-04-11,Store_A,9942.51
2023-04-12,Store_A,14108.19
2023-04-13,Store_A,10560.28
2023-04-14,Store_A,9873.57
2023-04-15,Store_A,11322.52
2023-04-16,Store_A,11525.04
2023-04-17,Store_A,8983.82
2023-04-18,Store_A,9457.95
2023-04-19,Store_A,11105.2
2023-04-20,Store_A,11293.94
2023-04-21,Store_A,10266.01
2023-04-22,Store_A,12200.75
2023-04-23,Store_A,12084.28
2023-04-24,Store_A,12225.94
2023-04-25,Store_A,11160.18
2023-04-26,Store_A,10492.71
2023-04-27,Store_A,13619.09
2023-04-28,Store_A,9725.93
2023-04-29,Store_A,16259.54
2023-04-30,Store_A,11701.74
2023-05-01,Store_A,9918.15
2023-05-02,Store_A,10381.46
2023-05-03,Store_A,10166.42
2023-05-04,Store_A,11745.02
2023-05-05,Store_A,11321.68
2023-05-06,Store_A,12290.81
2023-05-07,Store_A,13150.94
2023-05-08,Store_A,10951.97
2023-05-09,Store_A,10452.36
2023-05-10,Store_A,11813.21
2023-05-11,Store_A,11287.19
2023-05-12,Store_A,10429.23
2023-05-13,Store_A,12367.72
2023-05-14,Store_A,12007.72
2023-05-15,Store_A,10306.98
2023-05-16,Store_A,11622.8
2023-05-17,Store_A,16503.54
2023-05-18,Store_A,10365.07
2023-05-19,Store_A,11484.85
2023-05-20,Store_A,12266.04
2023-05-21,Store_A,12377.92
2023-05-22,Store_A,10898.76
2023-05-23,Store_A,10765.94
2023-05-24,Store_A,11295.7
2023-05-25,Store_A,10821.42
2023-05-26,Store_A,11455.89
2023-05-27,Store_A,12733.46
2023-05-28,Store_A,12644.39
2023-05-29,Store_A,10846.03
2023-05-30,Store_A,11046.78
2023-05-31,Store_A,11807.75
2023-06-01,Store_A,11679.65
2023-06-02,Store_A,10865.55
2023-06-03,Store_A,12921.89
2023-06-04,Store_A,13299.75
2023-06-05,Store_A,10516.25
2023-06-06,Store_A,11766.97
2023-06-07,Store_A,11102.61
2023-06-08,Store_A,11803.63
2023-06-09,Store_A,11066.51
2023-06-10,Store_A,11932.46
2023-06-11,Store_A,12040.44
2023-06-12,Store_A,11546.88
2023-06-13,Store_A,11672.9
2023-06-14,Store_A,11027.95
2023-06-15,Store_A,11898.31
2023-06-16,Store_A,10615.98
2023-06-17,Store_A,12954.57
2023-06-18,Store_A,12317.96
2023-06-19,Store_A,11195.06
2023-06-20,Store_A,11590.0
2023-06-21,Store_A,11084.39
2023-06-22,Store_A,11353.06
2023-06-23,Store_A,12133.52
2023-06-24,Store_A,12687.93
2023-06-25,Store_A,13479.39
2023-06-26,Store_A,10938.58
2023-06-27,Store_A,11867.13
2023-06-28,Store_A,12376.36
2023-06-29,Store_A,10183.01
2023-06-30,Store_A,11118.33
2023-07-01,Store_A,13324.63
2023-07-02,Store_A,12884.06
2023-07-03,Store_A,11761.32
2023-07-04,Store_A,15349.09
2023-07-05,Store_A,15332.55
2023-07-06,Store_A,11449.99
2023-07-07,Store_A,12184.54
2023-07-08,Store_A,13105.91
2023-07-09,Store_A,13144.78
2023-07-10,Store_A,11276.79
2023-07-11,Store_A,11225.54
2023-07-12,Store_A,11246.98
2023-07-13,Store_A,11700.16
2023-07-14,Store_A,11233.02
2023-07-15,Store_A,13060.01
2023-07-16,Store_A,14048.39
2023-07-17,Store_A,11921.88
2023-07-18,Store_A,11238.84
2023-07-19,Store_A,12080.92
2023-07-20,Store_A,11166.03
2023-07-21,Store_A,10239.0
2023-07-22,Store_A,12241.1
2023-07-23,Store_A,11742.76
2023-07-24,Store_A,11137.83
2023-07-25,Store_A,11328.78
2023-07-26,Store_A,12240.56
2023-07-27,Store_A,11467.64
2023-07-28,Store_A,11144.19
2023-07-29,Store_A,13153.21
2023-07-30,Store_A,11431.9
2023-07-31,Store_A,11343.01
2023-08-01,Store_A,11623.23
2023-08-02,Store_A,10343.57
2023-08-03,Store_A,11791.67
2023-08-04,Store_A,11319.89
2023-08-05,Store_A,12316.51
2023-08-06,Store_A,12881.74
2023-08-07,Store_A,12336.88
2023-08-08,Store_A,11144.64
2023-08-09,Store_A,11158.91
2023-08-10,Store_A,10739.38
2023-08-11,Store_A,10497.05
2023-08-12,Store_A,12853.91
2023-08-13,Store_A,11885.12
2023-08-14,Store_A,13321.68
2023-08-15,Store_A,10607.18
2023-08-16,Store_A,11117.45
2023-08-17,Store_A,11010.3
2023-08-18,Store_A,11378.37
2023-08-19,Store_A,11925.33
2023-08-20,Store_A,12033.09
2023-08-21,Store_A,10169.1
2023-08-22,Store_A,13547.59
2023-08-23,Store_A,10873.6
2023-08-24,Store_A,11058.38
2023-08-25,Store_A,10089.94
2023-08-26,Store_A,12504.96
2023-08-27,Store_A,12748.53
2023-08-28,Store_A,10752.05
2023-08-29,Store_A,11542.47
2023-08-30,Store_A,10028.86
2023-08-31,Store_A,9735.69
2023-09-01,Store_A,9406.93
2023-09-02,Store_A,12650.94
2023-09-03,Store_A,12149.55
2023-09-04,Store_A,10281.77
2023-09-05,Store_A,10439.32
2023-09-06,Store_A,9621.75
2023-09-07,Store_A,11591.0
2023-09-08,Store_A,10262.97
2023-09-09,Store_A,11660.98
2023-09-10,Store_A,11975.15
2023-09-11,Store_A,10366.99
2023-09-12,Store_A,10191.82
2023-09-13,Store_A,9592.52
2023-09-14,Store_A,10267.89
2023-09-15,Store_A,11026.42
2023-09-16,Store_A,12134.5
2023-09-17,Store_A,12241.79
2023-09-18,Store_A,9591.84
2023-09-19,Store_A,9292.44
2023-09-20,Store_A,9744.67
2023-09-21,Store_A,9814.82
2023-09-22,Store_A,10364.88
2023-09-23,Store_A,10212.89
2023-09-24,Store_A,11985.79
2023-09-25,Store_A,9569.38
2023-09-26,Store_A,9387.49
2023-09-27,Store_A,9028.51
2023-09-28,Store_A,8637.39
2023-09-29,Store_A,9993.99
2023-09-30,Store_A,10983.08
2023-10-01,Store_A,10188.75
2023-10-02,Store_A,8715.11
2023-10-03,Store_A,9221.67
2023-10-04,Store_A,10313.85
2023-10-05,Store_A,9203.46
2023-10-06,Store_A,8476.87
2023-10-07,Store_A,10590.97
2023-10-08,Store_A,10545.99
2023-10-09,Store_A,7718.78
2023-10-10,Store_A,9169.15
2023-10-11,Store_A,9040.95
2023-10-12,Store_A,9531.08
2023-10-13,Store_A,10147.78
2023-10-14,Store_A,11154.63
2023-10-15,Store_A,10344.81
2023-10-16,Store_A,8407.62
2023-10-17,Store_A,10440.5
2023-10-18,Store_A,9005.0
2023-10-19,Store_A,8952.33
2023-10-20,Store_A,8904.01
2023-10-21,Store_A,10441.73
2023-10-22,Store_A,10223.54
2023-10-23,Store_A,10352.71
2023-10-24,Store_A,8506.27
2023-10-25,Store_A,8768.73
2023-10-26,Store_A,8457.65
2023-10-27,Store_A,8338.01
2023-10-28,Store_A,10212.41
2023-10-29,Store_A,9985.99
2023-10-30,Store_A,9507.35
2023-10-31,Store_A,7157.29
2023-11-01,Store_A,9230.18
2023-11-02,Store_A,13294.25
2023-11-03,Store_A,11413.25
2023-11-04,Store_A,13800.76
2023-11-05,Store_A,13763.4
2023-11-06,Store_A,11722.36
2023-11-07,Store_A,12054.58
2023-11-08,Store_A,11848.27
2023-11-09,Store_A,9431.94
2023-11-10,Store_A,8955.58
2023-11-11,Store_A,10565.06
2023-11-12,Store_A,10238.99
2023-11-13,Store_A,7744.91
2023-11-14,Store_A,8066.25
2023-11-15,Store_A,8617.32
2023-11-16,Store_A,7642.66
2023-11-17,Store_A,8710.61
2023-11-18,Store_A,9601.52
2023-11-19,Store_A,9511.49
2023-11-20,Store_A,8665.32
2023-11-21,Store_A,8502.28
2023-11-22,Store_A,8038.18
2023-11-23,Store_A,8876.91
2023-11-24,Store_A,7610.18
2023-11-25,Store_A,9988.92
2023-11-26,Store_A,9965.1
2023-11-27,Store_A,8009.12
2023-11-28,Store_A,8355.16
2023-11-29,Store_A,7462.51
2023-11-30,Store_A,8671.75
2023-12-01,Store_A,8042.47
2023-12-02,Store_A,9285.58
2023-12-03,Store_A,10158.59
2023-12-04,Store_A,7730.13
2023-12-05,Store_A,7329.82
2023-12-06,Store_A,7241.4
2023-12-07,Store_A,8447.62
2023-12-08,Store_A,7386.93
2023-12-09,Store_A,10522.95
2023-12-10,Store_A,8371.26
2023-12-11,Store_A,9044.62
2023-12-12,Store_A,8210.83
2023-12-13,Store_A,10299.66
2023-12-14,Store_A,7785.37
2023-12-15,Store_A,8313.85
2023-12-16,Store_A,9509.67
2023-12-17,Store_A,10149.59
2023-12-18,Store_A,8157.3
2023-12-19,Store_A,8179.68
2023-12-20,Store_A,7894.66
2023-12-21,Store_A,8069.76
2023-12-22,Store_A,8277.98
2023-12-23,Store_A,8592.47
2023-12-24,Store_A,8800.32
2023-12-25,Store_A,8537.27
2023-12-26,Store_A,8223.05
2023-12-27,Store_A,8031.25
2023-12-28,Store_A,8152.1
2023-12-29,Store_A,10744.51
2023-12-30,Store_A,11696.28
2023-12-31,Store_A,11571.95
2024-01-01,Store_A,10687.31
2024-01-02,Store_A,7640.17
2024-01-03,Store_A,8427.67
2024-01-04,Store_A,7257.17
2024-01-05,Store_A,8799.09
2024-01-06,Store_A,9940.13
2024-01-07,Store_A,9832.13
2024-01-08,Store_A,8812.9
2024-01-09,Store_A,9209.67
2024-01-10,Store_A,8860.01
2024-01-11,Store_A,7276.58
2024-01-12,Store_A,7606.97
2024-01-13,Store_A,9430.25
2024-01-14,Store_A,9811.91
2024-01-15,Store_A,8664.87
2024-01-16,Store_A,7986.79
2024-01-17,Store_A,8516.55
2024-01-18,Store_A,8008.22
2024-01-19,Store_A,8108.57
2024-01-20,Store_A,9123.6
2024-01-21,Store_A,9415.14
2024-01-22,Store_A,7756.52
2024-01-23,Store_A,7988.8
2024-01-24,Store_A,9147.63
2024-01-25,Store_A,8048.73
2024-01-26,Store_A,10077.8
2024-01-27,Store_A,10343.68
2024-01-28,Store_A,10195.15
2024-01-29,Store_A,8195.65
2024-01-30,Store_A,9093.64
2024-01-31,Store_A,8404.7
2024-02-01,Store_A,8821.42
2024-02-02,Store_A,13087.42
2024-02-03,Store_A,10192.66
2024-02-04,Store_A,10917.37
2024-02-05,Store_A,8467.73
2024-02-06,Store_A,8870.06
2024-02-07,Store_A,9909.84
2024-02-08,Store_A,8596.02
2024-02-09,Store_A,9991.41
2024-02-10,Store_A,10842.48
2024-02-11,Store_A,10161.22
2024-02-12,Store_A,9420.77
2024-02-13,Store_A,9642.03
2024-02-14,Store_A,9476.73
2024-02-15,Store_A,8280.64
2024-02-16,Store_A,8784.56
2024-02-17,Store_A,10525.24
2024-02-18,Store_A,10654.58
2024-02-19,Store_A,9636.55
2024-02-20,Store_A,9421.5
2024-02-21,Store_A,8607.48
2024-02-22,Store_A,9601.75
2024-02-23,Store_A,11846.43
2024-02-24,Store_A,11210.24
2024-02-25,Store_A,11536.33
2024-02-26,Store_A,9992.66
2024-02-27,Store_A,9817.6
2024-02-28,Store_A,9556.19
2024-02-29,Store_A,8700.57
2024-03-01,Store_A,9906.72
2024-03-02,Store_A,11258.06
2024-03-03,Store_A,14385.97
2024-03-04,Store_A,9058.55
2024-03-05,Store_A,9204.27
2024-03-06,Store_A,10435.71
2024-03-07,Store_A,9860.22
2024-03-08,Store_A,10300.56
2024-03-09,Store_A,11411.46
2024-03-10,Store_A,11449.05
2024-03-11,Store_A,10554.72
2024-03-12,Store_A,9777.28
2024-03-13,Store_A,10157.16
2024-03-14,Store_A,9881.59
2024-03-15,Store_A,12141.75
2024-03-16,Store_A,11481.77
2024-03-17,Store_A,11816.59
2024-03-18,Store_A,10021.41
2024-03-19,Store_A,11030.08
2024-03-20,Store_A,9863.22
2024-03-21,Store_A,10296.9
2024-03-22,Store_A,13878.78
2024-03-23,Store_A,12726.51
2024-03-24,Store_A,12063.57
2024-03-25,Store_A,11128.58
2024-03-26,Store_A,9756.02
2024-03-27,Store_A,10774.62
2024-03-28,Store_A,11160.33
2024-03-29,Store_A,10745.2
2024-03-30,Store_A,12772.68
2024-03-31,Store_A,11923.12
2024-04-01,Store_A,16116.85
2024-04-02,Store_A,12133.42
2024-04-03,Store_A,10679.27
2024-04-04,Store_A,10669.26
2024-04-05,Store_A,11768.77
2024-04-06,Store_A,13315.41
2024-04-07,Store_A,12173.84
2024-04-08,Store_A,10826.96
2024-04-09,Store_A,10939.89
2024-04-10,Store_A,10380.03
2024-04-11,Store_A,10653.5
2024-04-12,Store_A,10640.42
2024-04-13,Store_A,12247.35
2024-04-14,Store_A,12692.22
2024-04-15,Store_A,11436.89
2024-04-16,Store_A,12207.84
2024-04-17,Store_A,10814.05
2024-04-18,Store_A,11957.64
2024-04-19,Store_A,11319.59
2024-04-20,Store_A,12884.44
2024-04-21,Store_A,13322.45
2024-04-22,Store_A,10907.93
2024-04-23,Store_A,11782.58
2024-04-24,Store_A,11693.1
2024-04-25,Store_A,11906.78
2024-04-26,Store_A,11823.72
2024-04-27,Store_A,14507.17
2024-04-28,Store_A,12805.13
2024-04-29,Store_A,11454.6
2024-04-30,Store_A,11432.32
2024-05-01,Store_A,11499.14
2024-05-02,Store_A,11481.81
2024-05-03,Store_A,12532.74
2024-05-04,Store_A,14130.11
2024-05-05,Store_A,13042.33
2024-05-06,Store_A,11482.72
2024-05-07,Store_A,12239.3
2024-05-08,Store_A,11692.1
2024-05-09,Store_A,12381.37
2024-05-10,Store_A,12165.71
2024-05-11,Store_A,12667.94
2024-05-12,Store_A,14407.58
2024-05-13,Store_A,15946.42
2024-05-14,Store_A,11804.85
2024-05-15,Store_A,11953.69
2024-05-16,Store_A,12353.2
2024-05-17,Store_A,12402.23
2024-05-18,Store_A,14045.04
2024-05-19,Store_A,14822.79
2024-05-20,Store_A,12178.29
2024-05-21,Store_A,11850.13
2024-05-22,Store_A,11544.03
2024-05-23,Store_A,11925.87
2024-05-24,Store_A,17158.08
2024-05-25,Store_A,19327.77
2024-05-26,Store_A,13538.39
2024-05-27,Store_A,15786.95
2024-05-28,Store_A,12411.73
2024-05-29,Store_A,13101.94
2024-05-30,Store_A,13866.48
2024-05-31,Store_A,12168.52
2024-06-01,Store_A,13645.56
2024-06-02,Store_A,14517.66
2024-06-03,Store_A,12887.5
2024-06-04,Store_A,13551.94
2024-06-05,Store_A,12856.35
2024-06-06,Store_A,12339.14
2024-06-07,Store_A,12881.53
2024-06-08,Store_A,14621.48
2024-06-09,Store_A,14469.33
2024-06-10,Store_A,12862.61
2024-06-11,Store_A,13183.96
2024-06-12,Store_A,13248.93
2024-06-13,Store_A,13375.05
2024-06-14,Store_A,12970.64
2024-06-15,Store_A,13959.51
2024-06-16,Store_A,14140.4
2024-06-17,Store_A,13298.44
2024-06-18,Store_A,12169.27
2024-06-19,Store_A,12836.58
2024-06-20,Store_A,12412.62
2024-06-21,Store_A,12651.17
2024-06-22,Store_A,14792.6
2024-06-23,Store_A,14184.68
2024-06-24,Store_A,12664.07
2024-06-25,Store_A,11876.36
2024-06-26,Store_A,15866.7
2024-06-27,Store_A,12997.22
2024-06-28,Store_A,
2024-06-29,Store_A,13898.9
2024-06-30,Store_A,14190.86
2024-07-01,Store_A,12764.09
2024-07-02,Store_A,13503.52
2024-07-03,Store_A,12561.92
2024-07-04,Store_A,12766.1
2024-07-05,Store_A,12944.26
2024-07-06,Store_A,14141.75
2024-07-07,Store_A,13780.1
2024-07-08,Store_A,12691.08
2024-07-09,Store_A,13175.34
2024-07-10,Store_A,11990.42
2024-07-11,Store_A,12630.34
2024-07-12,Store_A,12153.87
2024-07-13,Store_A,14644.67
2024-07-14,Store_A,13111.42
2024-07-15,Store_A,12199.83
2024-07-16,Store_A,12711.96
2024-07-17,Store_A,13364.77
2024-07-18,Store_A,16171.07
2024-07-19,Store_A,12150.31
2024-07-20,Store_A,14940.46
2024-07-21,Store_A,13061.41
2024-07-22,Store_A,11185.74
2024-07-23,Store_A,12647.76
2024-07-24,Store_A,12103.98
2024-07-25,Store_A,11796.53
2024-07-26,Store_A,12747.9
2024-07-27,Store_A,13910.08
2024-07-28,Store_A,13439.53
2024-07-29,Store_A,15735.87
2024-07-30,Store_A,12766.31
2024-07-31,Store_A,12622.32
2024-08-01,Store_A,12182.7
2024-08-02,Store_A,13251.95
2024-08-03,Store_A,17489.06
2024-08-04,Store_A,12761.44
2024-08-05,Store_A,11766.58
2024-08-06,Store_A,12106.43
2024-08-07,Store_A,12245.73
2024-08-08,Store_A,11951.48
2024-08-09,Store_A,12260.44
2024-08-10,Store_A,12778.76
2024-08-11,Store_A,14264.1
2024-08-12,Store_A,11945.19
2024-08-13,Store_A,12592.12
2024-08-14,Store_A,12133.26
2024-08-15,Store_A,12171.67
2024-08-16,Store_A,12209.19
2024-08-17,Store_A,13554.73
2024-08-18,Store_A,13637.53
2024-08-19,Store_A,12555.21
2024-08-20,Store_A,11893.92
2024-08-21,Store_A,12153.61
2024-08-22,Store_A,11678.73
2024-08-23,Store_A,12507.59
2024-08-24,Store_A,12734.23
2024-08-25,Store_A,14093.17
2024-08-26,Store_A,11593.55
2024-08-27,Store_A,10785.96
2024-08-28,Store_A,11629.87
2024-08-29,Store_A,11147.46
2024-08-30,Store_A,11970.13
2024-08-31,Store_A,12544.21
2024-09-01,Store_A,12629.96
2024-09-02,Store_A,10351.63
2024-09-03,Store_A,11126.28
2024-09-04,Store_A,12090.57
2024-09-05,Store_A,10431.71
2024-09-06,Store_A,11713.88
2024-09-07,Store_A,13137.32
2024-09-08,Store_A,12904.64
2024-09-09,Store_A,10653.88
2024-09-10,Store_A,11137.57
2024-09-11,Store_A,11131.1
2024-09-12,Store_A,10453.17
2024-09-13,Store_A,
2024-09-14,Store_A,12970.48
2024-09-15,Store_A,12323.99
2024-09-16,Store_A,10991.33
2024-09-17,Store_A,11061.48
2024-09-18,Store_A,9769.92
2024-09-19,Store_A,10743.36
2024-09-20,Store_A,12714.68
2024-09-21,Store_A,11697.89
2024-09-22,Store_A,12069.92
2024-09-23,Store_A,11762.62
2024-09-24,Store_A,14193.13
2024-09-25,Store_A,13060.65
2024-09-26,Store_A,10982.6
2024-09-27,Store_A,11414.42
2024-09-28,Store_A,15652.61
2024-09-29,Store_A,12042.08
2024-09-30,Store_A,10175.51
2024-10-01,Store_A,10898.03
2024-10-02,Store_A,10696.73
2024-10-03,Store_A,10947.17
2024-10-04,Store_A,10771.2
2024-10-05,Store_A,12413.04
2024-10-06,Store_A,11495.52
2024-10-07,Store_A,11063.12
2024-10-08,Store_A,10406.36
2024-10-09,Store_A,11428.36
2024-10-10,Store_A,9850.99
2024-10-11,Store_A,11180.01
2024-10-12,Store_A,11729.86
2024-10-13,Store_A,11225.63
2024-10-14,Store_A,9851.08
2024-10-15,Store_A,9914.55
2024-10-16,Store_A,10303.62
2024-10-17,Store_A,10331.29
2024-10-18,Store_A,9689.93
2024-10-19,Store_A,11410.54
2024-10-20,Store_A,12597.14
2024-10-21,Store_A,10898.48
2024-10-22,Store_A,10149.29
2024-10-23,Store_A,9900.46
2024-10-24,Store_A,9920.95
2024-10-25,Store_A,10172.2
2024-10-26,Store_A,10671.11
2024-10-27,Store_A,11075.35
2024-10-28,Store_A,8821.04
2024-10-29,Store_A,9955.35
2024-10-30,Store_A,10070.93
2024-10-31,Store_A,9415.02
2024-11-01,Store_A,10544.54
2024-11-02,Store_A,14394.59
2024-11-03,Store_A,14239.29
2024-11-04,Store_A,13723.76
2024-11-05,Store_A,14163.61
2024-11-06,Store_A,14499.82
2024-11-07,Store_A,13279.88
2024-11-08,Store_A,14121.4
2024-11-09,Store_A,10916.7
2024-11-10,Store_A,10822.99
2024-11-11,Store_A,9956.37
2024-11-12,Store_A,9809.14
2024-11-13,Store_A,10732.82
2024-11-14,Store_A,10236.8
2024-11-15,Store_A,10166.57
2024-11-16,Store_A,10467.68
2024-11-17,Store_A,11024.42
2024-11-18,Store_A,9624.71
2024-11-19,Store_A,9479.82
2024-11-20,Store_A,9011.99
2024-11-21,Store_A,8930.88
2024-11-22,Store_A,9280.04
2024-11-23,Store_A,11378.97
2024-11-24,Store_A,11015.08
2024-11-25,Store_A,9052.08
2024-11-26,Store_A,9681.29
2024-11-27,Store_A,7644.01
2024-11-28,Store_A,9873.11
2024-11-29,Store_A,8246.72
2024-11-30,Store_A,10449.72
2024-12-01,Store_A,10017.95
2024-12-02,Store_A,8472.79
2024-12-03,Store_A,9841.3
2024-12-04,Store_A,8923.31
2024-12-05,Store_A,9373.82
2024-12-06,Store_A,9148.64
2024-12-07,Store_A,10877.78
2024-12-08,Store_A,10649.95
2024-12-09,Store_A,8445.34
2024-12-10,Store_A,9719.18
2024-12-11,Store_A,8882.82
2024-12-12,Store_A,8286.28
2024-12-13,Store_A,8917.44
2024-12-14,Store_A,11437.43
2024-12-15,Store_A,11073.53
2024-12-16,Store_A,8963.16
2024-12-17,Store_A,8964.41
2024-12-18,Store_A,8982.06
2024-12-19,Store_A,10327.93
2024-12-20,Store_A,9382.2
2024-12-21,Store_A,10853.1
2024-12-22,Store_A,11193.79
2024-12-23,Store_A,9315.69
2024-12-24,Store_A,9042.64
2024-12-25,Store_A,9084.07
2024-12-26,Store_A,9160.85
2024-12-27,Store_A,9187.6
2024-12-28,Store_A,11064.01
2024-12-29,Store_A,13094.3
2024-12-30,Store_A,12044.74
2024-12-31,Store_A,11599.1
2022-01-01,Store_B,5464.81
2022-01-02,Store_B,5078.0
2022-01-03,Store_B,4068.34
2022-01-04,Store_B,3406.65
2022-01-05,Store_B,4431.12
2022-01-06,Store_B,3718.11
2022-01-07,Store_B,4227.43
2022-01-08,Store_B,5310.66
2022-01-09,Store_B,5737.62
2022-01-10,Store_B,4897.27
2022-01-11,Store_B,3082.21
2022-01-12,Store_B,4326.55
2022-01-13,Store_B,4960.38
2022-01-14,Store_B,4755.97
2022-01-15,Store_B,7078.27
2022-01-16,Store_B,5104.38
2022-01-17,Store_B,4627.3
2022-01-18,Store_B,3954.99
2022-01-19,Store_B,4526.81
2022-01-20,Store_B,4551.98
2022-01-21,Store_B,4779.86
2022-01-22,Store_B,6438.81
2022-01-23,Store_B,5542.42
2022-01-24,Store_B,5205.22
2022-01-25,Store_B,4422.51
2022-01-26,Store_B,3767.26
2022-01-27,Store_B,5355.44
2022-01-28,Store_B,4323.77
2022-01-29,Store_B,6996.41
2022-01-30,Store_B,5564.25
2022-01-31,Store_B,4216.56
2022-02-01,Store_B,6945.68
2022-02-02,Store_B,4569.36
2022-02-03,Store_B,4584.19
2022-02-04,Store_B,4480.32
2022-02-05,Store_B,5675.37
2022-02-06,Store_B,5952.63
2022-02-07,Store_B,4330.75
2022-02-08,Store_B,4431.11
2022-02-09,Store_B,4587.7
2022-02-10,Store_B,4206.89
2022-02-11,Store_B,4430.3
2022-02-12,Store_B,5573.29
2022-02-13,Store_B,6114.43
2022-02-14,Store_B,4910.27
2022-02-15,Store_B,4905.34
2022-02-16,Store_B,5180.26
2022-02-17,Store_B,4821.84
2022-02-18,Store_B,5047.34
2022-02-19,Store_B,5869.77
2022-02-20,Store_B,6034.36
2022-02-21,Store_B,4740.72
2022-02-22,Store_B,4049.21
2022-02-23,Store_B,4959.72
2022-02-24,Store_B,5582.61
2022-02-25,Store_B,5415.05
2022-02-26,Store_B,6443.9
2022-02-27,Store_B,6572.06
2022-02-28,Store_B,5164.36
2022-03-01,Store_B,5230.41
2022-03-02,Store_B,4941.01
2022-03-03,Store_B,5081.6
2022-03-04,Store_B,5464.97
2022-03-05,Store_B,6706.13
2022-03-06,Store_B,6213.79
2022-03-07,Store_B,5129.1
2022-03-08,Store_B,5327.66
2022-03-09,Store_B,5584.06
2022-03-10,Store_B,4821.93
2022-03-11,Store_B,4519.07
2022-03-12,Store_B,6206.51
2022-03-13,Store_B,5973.92
2022-03-14,Store_B,5283.74
2022-03-15,Store_B,5448.01
2022-03-16,Store_B,7206.6
2022-03-17,Store_B,6115.28
2022-03-18,Store_B,5707.51
2022-03-19,Store_B,6713.06
2022-03-20,Store_B,6862.59
2022-03-21,Store_B,5220.27
2022-03-22,Store_B,6084.46
2022-03-23,Store_B,5680.9
2022-03-24,Store_B,5993.86
2022-03-25,Store_B,5348.7
2022-03-26,Store_B,6178.77
2022-03-27,Store_B,7117.43
2022-03-28,Store_B,5982.99
2022-03-29,Store_B,5516.26
2022-03-30,Store_B,5554.16
2022-03-31,Store_B,6347.63
2022-04-01,Store_B,5481.71
2022-04-02,Store_B,7587.28
2022-04-03,Store_B,6633.24
2022-04-04,Store_B,6260.81
2022-04-05,Store_B,5913.45
2022-04-06,Store_B,6297.04
2022-04-07,Store_B,5880.06
2022-04-08,Store_B,6051.48
2022-04-09,Store_B,7144.39
2022-04-10,Store_B,6767.16
2022-04-11,Store_B,6472.44
2022-04-12,Store_B,6013.71
2022-04-13,Store_B,6147.21
2022-04-14,Store_B,5876.16
2022-04-15,Store_B,5296.09
2022-04-16,Store_B,7222.48
2022-04-17,Store_B,8248.14
2022-04-18,Store_B,6654.43
2022-04-19,Store_B,6367.83
2022-04-20,Store_B,6296.72
2022-04-21,Store_B,6429.08
2022-04-22,Store_B,6653.35
2022-04-23,Store_B,7000.17
2022-04-24,Store_B,7905.64
2022-04-25,Store_B,6783.68
2022-04-26,Store_B,6806.15
2022-04-27,Store_B,6719.62
2022-04-28,Store_B,6579.28
2022-04-29,Store_B,6851.44
2022-04-30,Store_B,10841.7
2022-05-01,Store_B,7486.66
2022-05-02,Store_B,8698.93
2022-05-03,Store_B,6711.69
2022-05-04,Store_B,7288.19
2022-05-05,Store_B,6233.83
2022-05-06,Store_B,6164.67
2022-05-07,Store_B,7801.59
2022-05-08,Store_B,7775.95
2022-05-09,Store_B,6850.99
2022-05-10,Store_B,6895.77
2022-05-11,Store_B,6733.2
2022-05-12,Store_B,7409.7
2022-05-13,Store_B,6236.41
2022-05-14,Store_B,7540.11
2022-05-15,Store_B,7835.34
2022-05-16,Store_B,6268.14
2022-05-17,Store_B,6848.4
2022-05-18,Store_B,7570.77
2022-05-19,Store_B,6953.8
2022-05-20,Store_B,7048.89
2022-05-21,Store_B,7478.87
2022-05-22,Store_B,7740.34
2022-05-23,Store_B,6856.44
2022-05-24,Store_B,6891.46
2022-05-25,Store_B,7519.74
2022-05-26,Store_B,7253.18
2022-05-27,Store_B,6622.35
2022-05-28,Store_B,8146.58
2022-05-29,Store_B,8254.54
2022-05-30,Store_B,7522.34
2022-05-31,Store_B,7702.18
2022-06-01,Store_B,6712.76
2022-06-02,Store_B,6800.91
2022-06-03,Store_B,8751.23
2022-06-04,Store_B,8030.86
2022-06-05,Store_B,8308.86
2022-06-06,Store_B,7527.39
2022-06-07,Store_B,7125.58
2022-06-08,Store_B,7038.84
2022-06-09,Store_B,7227.18
2022-06-10,Store_B,8487.51
2022-06-11,Store_B,8975.55
2022-06-12,Store_B,7557.69
2022-06-13,Store_B,9683.92
2022-06-14,Store_B,7975.64
2022-06-15,Store_B,7203.51
2022-06-16,Store_B,7131.67
2022-06-17,Store_B,7070.76
2022-06-18,Store_B,8132.05
2022-06-19,Store_B,8732.77
2022-06-20,Store_B,6364.97
2022-06-21,Store_B,7808.82
2022-06-22,Store_B,6671.72
2022-06-23,Store_B,7118.38
2022-06-24,Store_B,7056.47
2022-06-25,Store_B,8438.6
2022-06-26,Store_B,7596.6
2022-06-27,Store_B,7399.28
2022-06-28,Store_B,7999.77
2022-06-29,Store_B,6694.24
2022-06-30,Store_B,7290.36
2022-07-01,Store_B,6960.31
2022-07-02,Store_B,8366.6
2022-07-03,Store_B,8207.06
2022-07-04,Store_B,6959.37
2022-07-05,Store_B,7390.43
2022-07-06,Store_B,7893.14
2022-07-07,Store_B,7120.45
2022-07-08,Store_B,7466.14
2022-07-09,Store_B,7675.81
2022-07-10,Store_B,7799.8
2022-07-11,Store_B,7353.83
2022-07-12,Store_B,7736.88
2022-07-13,Store_B,9664.27
2022-07-14,Store_B,7030.92
2022-07-15,Store_B,7143.59
2022-07-16,Store_B,7644.5
2022-07-17,Store_B,8350.32
2022-07-18,Store_B,7458.59
2022-07-19,Store_B,9158.65
2022-07-20,Store_B,6919.46
2022-07-21,Store_B,7193.02
2022-07-22,Store_B,6912.4
2022-07-23,Store_B,8034.61
2022-07-24,Store_B,8857.65
2022-07-25,Store_B,6953.0
2022-07-26,Store_B,6898.66
2022-07-27,Store_B,6775.5
2022-07-28,Store_B,7299.16
2022-07-29,Store_B,
2022-07-30,Store_B,7727.37
2022-07-31,Store_B,8472.98
2022-08-01,Store_B,7507.4
2022-08-02,Store_B,6715.96
2022-08-03,Store_B,6214.48
2022-08-04,Store_B,9483.73
2022-08-05,Store_B,6640.57
2022-08-06,Store_B,8183.63
2022-08-07,Store_B,7105.56
2022-08-08,Store_B,9404.19
2022-08-09,Store_B,6376.55
2022-08-10,Store_B,7108.19
2022-08-11,Store_B,6816.07
2022-08-12,Store_B,6426.79
2022-08-13,Store_B,7610.57
2022-08-14,Store_B,8014.49
2022-08-15,Store_B,6783.77
2022-08-16,Store_B,6950.51
2022-08-17,Store_B,7468.72
2022-08-18,Store_B,6087.61
2022-08-19,Store_B,7294.31
2022-08-20,Store_B,7683.49
2022-08-21,Store_B,7278.71
2022-08-22,Store_B,6103.8
2022-08-23,Store_B,6524.2
2022-08-24,Store_B,6932.69
2022-08-25,Store_B,6509.42
2022-08-26,Store_B,7120.82
2022-08-27,Store_B,6950.66
2022-08-28,Store_B,7484.88
2022-08-29,Store_B,5997.38
2022-08-30,Store_B,6599.42
2022-08-31,Store_B,6780.6
2022-09-01,Store_B,6256.75
2022-09-02,Store_B,5395.59
2022-09-03,Store_B,7444.15
2022-09-04,Store_B,7514.93
2022-09-05,Store_B,6491.56
2022-09-06,Store_B,6790.71
2022-09-07,Store_B,5881.51
2022-09-08,Store_B,6534.59
2022-09-09,Store_B,6710.59
2022-09-10,Store_B,6535.4
2022-09-11,Store_B,7321.85
2022-09-12,Store_B,5993.24
2022-09-13,Store_B,6134.47
2022-09-14,Store_B,6278.18
2022-09-15,Store_B,5935.17
2022-09-16,Store_B,5841.0
2022-09-17,Store_B,7082.67
2022-09-18,Store_B,8398.57
2022-09-19,Store_B,5618.18
2022-09-20,Store_B,6276.12
2022-09-21,Store_B,5550.62
2022-09-22,Store_B,6227.79
2022-09-23,Store_B,6127.72
2022-09-24,Store_B,6253.59
2022-09-25,Store_B,6635.59
2022-09-26,Store_B,6344.65
2022-09-27,Store_B,5485.68
2022-09-28,Store_B,5663.2
2022-09-29,Store_B,5998.51
2022-09-30,Store_B,6100.91
2022-10-01,Store_B,6671.23
2022-10-02,Store_B,6516.87
2022-10-03,Store_B,6283.45
2022-10-04,Store_B,6384.34
2022-10-05,Store_B,6070.85
2022-10-06,Store_B,5706.07
2022-10-07,Store_B,5341.39
2022-10-08,Store_B,8217.35
2022-10-09,Store_B,6802.8
2022-10-10,Store_B,5752.44
2022-10-11,Store_B,6110.84
2022-10-12,Store_B,5801.67
2022-10-13,Store_B,4952.73
2022-10-14,Store_B,5916.75
2022-10-15,Store_B,6097.99
2022-10-16,Store_B,6315.09
2022-10-17,Store_B,5550.09
2022-10-18,Store_B,6203.14
2022-10-19,Store_B,6613.35
2022-10-20,Store_B,5631.05
2022-10-21,Store_B,5308.56
2022-10-22,Store_B,6556.72
2022-10-23,Store_B,6674.74
2022-10-24,Store_B,5201.81
2022-10-25,Store_B,5998.93
2022-10-26,Store_B,6667.45
2022-10-27,Store_B,5465.13
2022-10-28,Store_B,5513.1
2022-10-29,Store_B,6392.51
2022-10-30,Store_B,6536.92
2022-10-31,Store_B,4970.28
2022-11-01,Store_B,4977.24
2022-11-02,Store_B,7503.16
2022-11-03,Store_B,8080.74
2022-11-04,Store_B,8196.52
2022-11-05,Store_B,9048.25
2022-11-06,Store_B,9502.36
2022-11-07,Store_B,7851.5
2022-11-08,Store_B,8097.39
2022-11-09,Store_B,4656.2
2022-11-10,Store_B,4914.36
2022-11-11,Store_B,5318.38
2022-11-12,Store_B,6355.03
2022-11-13,Store_B,5902.8
2022-11-14,Store_B,
2022-11-15,Store_B,4418.29
2022-11-16,Store_B,4854.06
2022-11-17,Store_B,5323.5
2022-11-18,Store_B,5191.69
2022-11-19,Store_B,6142.88
2022-11-20,Store_B,5959.52
2022-11-21,Store_B,4943.66
2022-11-22,Store_B,4677.67
2022-11-23,Store_B,5192.25
2022-11-24,Store_B,5076.95
2022-11-25,Store_B,5096.34
2022-11-26,Store_B,5686.8
2022-11-27,Store_B,5053.08
2022-11-28,Store_B,5307.68
2022-11-29,Store_B,4694.47
2022-11-30,Store_B,4540.58
2022-12-01,Store_B,5134.04
2022-12-02,Store_B,4710.82
2022-12-03,Store_B,6254.91
2022-12-04,Store_B,6079.85
2022-12-05,Store_B,5111.35
2022-12-06,Store_B,4318.54
2022-12-07,Store_B,5307.69
2022-12-08,Store_B,4938.73
2022-12-09,Store_B,4693.43
2022-12-10,Store_B,5878.66
2022-12-11,Store_B,5137.86
2022-12-12,Store_B,4987.7
2022-12-13,Store_B,4433.12
2022-12-14,Store_B,4308.12
2022-12-15,Store_B,4242.66
2022-12-16,Store_B,5257.44
2022-12-17,Store_B,5577.47
2022-12-18,Store_B,6411.31
2022-12-19,Store_B,4626.05
2022-12-20,Store_B,4176.9
2022-12-21,Store_B,4406.69
2022-12-22,Store_B,5315.06
2022-12-23,Store_B,4782.38
2022-12-24,Store_B,5624.85
2022-12-25,Store_B,5901.49
2022-12-26,Store_B,5047.42
2022-12-27,Store_B,5289.18
2022-12-28,Store_B,5421.81
2022-12-29,Store_B,6381.19
2022-12-30,Store_B,6015.14
2022-12-31,Store_B,7362.84
2023-01-01,Store_B,7629.0
2023-01-02,Store_B,4524.91
2023-01-03,Store_B,4535.01
2023-01-04,Store_B,5043.83
2023-01-05,Store_B,4901.09
2023-01-06,Store_B,4941.18
2023-01-07,Store_B,5635.66
2023-01-08,Store_B,5848.5
2023-01-09,Store_B,4601.27
2023-01-10,Store_B,5310.12
2023-01-11,Store_B,5376.63
2023-01-12,Store_B,4278.32
2023-01-13,Store_B,4642.66
2023-01-14,Store_B,5426.14
2023-01-15,Store_B,5764.21
2023-01-16,Store_B,5004.87
2023-01-17,Store_B,6113.46
2023-01-18,Store_B,4708.22
2023-01-19,Store_B,4690.22
2023-01-20,Store_B,5170.5
2023-01-21,Store_B,6121.72
2023-01-22,Store_B,5831.81
2023-01-23,Store_B,5202.75
2023-01-24,Store_B,4939.54
2023-01-25,Store_B,5061.1
2023-01-26,Store_B,7207.63
2023-01-27,Store_B,5714.1
2023-01-28,Store_B,5704.33
2023-01-29,Store_B,6541.09
2023-01-30,Store_B,5561.32
2023-01-31,Store_B,4824.44
2023-02-01,Store_B,5599.65
2023-02-02,Store_B,5894.72
2023-02-03,Store_B,4888.93
2023-02-04,Store_B,5976.65
2023-02-05,Store_B,6740.76
2023-02-06,Store_B,5482.83
2023-02-07,Store_B,5610.24
2023-02-08,Store_B,5548.94
2023-02-09,Store_B,5588.39
2023-02-10,Store_B,6021.31
2023-02-11,Store_B,6872.27
2023-02-12,Store_B,6940.26
2023-02-13,Store_B,5432.81
2023-02-14,Store_B,5525.78
2023-02-15,Store_B,4974.67
2023-02-16,Store_B,5783.98
2023-02-17,Store_B,5828.31
2023-02-18,Store_B,6596.41
2023-02-19,Store_B,7075.72
2023-02-20,Store_B,5546.91
2023-02-21,Store_B,5915.79
2023-02-22,Store_B,5328.92
2023-02-23,Store_B,5735.68
2023-02-24,Store_B,5701.06
2023-02-25,Store_B,6868.53
2023-02-26,Store_B,6663.29
2023-02-27,Store_B,5788.87
2023-02-28,Store_B,6181.59
2023-03-01,Store_B,5719.62
2023-03-02,Store_B,5293.6
2023-03-03,Store_B,6610.21
2023-03-04,Store_B,7483.1
2023-03-05,Store_B,6478.45
2023-03-06,Store_B,6276.34
2023-03-07,Store_B,5842.11
2023-03-08,Store_B,6162.24
2023-03-09,Store_B,6199.2
2023-03-10,Store_B,6020.9
2023-03-11,Store_B,6824.69
2023-03-12,Store_B,6885.94
2023-03-13,Store_B,5834.49
2023-03-14,Store_B,5892.45
2023-03-15,Store_B,6212.37
2023-03-16,Store_B,5988.24
2023-03-17,Store_B,6552.0
2023-03-18,Store_B,7877.64
2023-03-19,Store_B,7107.39
2023-03-20,Store_B,6458.55
2023-03-21,Store_B,6584.43
2023-03-22,Store_B,6599.45
2023-03-23,Store_B,6472.65
2023-03-24,Store_B,6754.99
2023-03-25,Store_B,7670.36
2023-03-26,Store_B,7033.8
2023-03-27,Store_B,6880.5
2023-03-28,Store_B,8898.77
2023-03-29,Store_B,6303.02
2023-03-30,Store_B,8838.13
2023-03-31,Store_B,6910.76
2023-04-01,Store_B,7582.38
2023-04-02,Store_B,8101.28
2023-04-03,Store_B,9828.34
2023-04-04,Store_B,6445.75
2023-04-05,Store_B,6241.6
2023-04-06,Store_B,6915.11
2023-04-07,Store_B,7100.67
2023-04-08,Store_B,7748.6
2023-04-09,Store_B,8421.48
2023-04-10,Store_B,6380.97
2023-04-11,Store_B,7187.32
2023-04-12,Store_B,6711.37
2023-04-13,Store_B,7630.51
2023-04-14,Store_B,7759.44
2023-04-15,Store_B,7710.76
2023-04-16,Store_B,7817.78
2023-04-17,Store_B,7393.56
2023-04-18,Store_B,6936.65
2023-04-19,Store_B,7091.1
2023-04-20,Store_B,7141.04
2023-04-21,Store_B,8052.68
2023-04-22,Store_B,8160.72
2023-04-23,Store_B,7922.57
2023-04-24,Store_B,7030.11
2023-04-25,Store_B,7797.39
2023-04-26,Store_B,6779.23
2023-04-27,Store_B,9964.78
2023-04-28,Store_B,7197.66
2023-04-29,Store_B,8208.02
2023-04-30,Store_B,8640.43
2023-05-01,Store_B,7497.21
2023-05-02,Store_B,7605.87
2023-05-03,Store_B,7778.56
2023-05-04,Store_B,7297.6
2023-05-05,Store_B,7208.51
2023-05-06,Store_B,8035.22
2023-05-07,Store_B,8153.71
2023-05-08,Store_B,8635.09
2023-05-09,Store_B,7996.79
2023-05-10,Store_B,7015.02
2023-05-11,Store_B,7043.32
2023-05-12,Store_B,7754.95
2023-05-13,Store_B,8786.79
2023-05-14,Store_B,8803.74
2023-05-15,Store_B,7520.27
2023-05-16,Store_B,7585.8
2023-05-17,Store_B,7775.67
2023-05-18,Store_B,7697.5
2023-05-19,Store_B,6824.66
2023-05-20,Store_B,8594.93
2023-05-21,Store_B,8369.57
2023-05-22,Store_B,7788.43
2023-05-23,Store_B,8883.55
2023-05-24,Store_B,7888.59
2023-05-25,Store_B,7638.93
2023-05-26,Store_B,8126.7
2023-05-27,Store_B,8959.43
2023-05-28,Store_B,8946.75
2023-05-29,Store_B,8039.69
2023-05-30,Store_B,8608.49
2023-05-31,Store_B,7391.61
2023-06-01,Store_B,8019.26
2023-06-02,Store_B,7489.77
2023-06-03,Store_B,9059.43
2023-06-04,Store_B,8500.6
2023-06-05,Store_B,7711.96
2023-06-06,Store_B,7766.99
2023-06-07,Store_B,8263.84
2023-06-08,Store_B,8248.92
2023-06-09,Store_B,7422.48
2023-06-10,Store_B,8919.6
2023-06-11,Store_B,8631.22
2023-06-12,Store_B,7435.45
2023-06-13,Store_B,7841.58
2023-06-14,Store_B,7811.11
2023-06-15,Store_B,8868.51
2023-06-16,Store_B,8104.86
2023-06-17,Store_B,8401.32
2023-06-18,Store_B,8717.4
2023-06-19,Store_B,8340.79
2023-06-20,Store_B,8753.92
2023-06-21,Store_B,7341.18
2023-06-22,Store_B,7229.51
2023-06-23,Store_B,8674.69
2023-06-24,Store_B,9095.06
2023-06-25,Store_B,8611.04
2023-06-26,Store_B,8161.04
2023-06-27,Store_B,6939.92
2023-06-28,Store_B,7955.04
2023-06-29,Store_B,8078.61
2023-06-30,Store_B,8306.5
2023-07-01,Store_B,8548.16
2023-07-02,Store_B,8968.95
2023-07-03,Store_B,7586.73
2023-07-04,Store_B,8038.0
2023-07-05,Store_B,9636.31
2023-07-06,Store_B,7774.69
2023-07-07,Store_B,7543.89
2023-07-08,Store_B,9163.05
2023-07-09,Store_B,9237.56
2023-07-10,Store_B,7821.04
2023-07-11,Store_B,7920.01
2023-07-12,Store_B,7341.12
2023-07-13,Store_B,7776.62
2023-07-14,Store_B,7865.45
2023-07-15,Store_B,9876.2
2023-07-16,Store_B,
2023-07-17,Store_B,8424.62
2023-07-18,Store_B,8236.01
2023-07-19,Store_B,7951.21
2023-07-20,Store_B,8510.82
2023-07-21,Store_B,7967.25
2023-07-22,Store_B,12414.96
2023-07-23,Store_B,8772.95
2023-07-24,Store_B,8263.67
2023-07-25,Store_B,8203.58
2023-07-26,Store_B,10424.21
2023-07-27,Store_B,7250.22
2023-07-28,Store_B,7667.84
2023-07-29,Store_B,8415.5
2023-07-30,Store_B,8686.26
2023-07-31,Store_B,8184.02
2023-08-01,Store_B,7518.13
2023-08-02,Store_B,7663.97
2023-08-03,Store_B,7688.77
2023-08-04,Store_B,7978.75
2023-08-05,Store_B,7762.43
2023-08-06,Store_B,8379.0
2023-08-07,Store_B,9999.0
2023-08-08,Store_B,8053.95
2023-08-09,Store_B,7386.8
2023-08-10,Store_B,6837.7
2023-08-11,Store_B,7782.5
2023-08-12,Store_B,8272.77
2023-08-13,Store_B,8042.59
2023-08-14,Store_B,7253.22
2023-08-15,Store_B,7405.29
2023-08-16,Store_B,7226.01
2023-08-17,Store_B,6591.98
2023-08-18,Store_B,7768.55
2023-08-19,Store_B,8885.85
2023-08-20,Store_B,8627.49
2023-08-21,Store_B,6930.07
2023-08-22,Store_B,7271.73
2023-08-23,Store_B,7327.83
2023-08-24,Store_B,7541.73
2023-08-25,Store_B,7549.18
2023-08-26,Store_B,7979.71
2023-08-27,Store_B,8274.26
2023-08-28,Store_B,7408.92
2023-08-29,Store_B,7773.37
2023-08-30,Store_B,7463.99
2023-08-31,Store_B,7476.27
2023-09-01,Store_B,7184.35
2023-09-02,Store_B,8664.57
2023-09-03,Store_B,10451.95
2023-09-04,Store_B,6758.6
2023-09-05,Store_B,7609.54
2023-09-06,Store_B,7316.96
2023-09-07,Store_B,6856.63
2023-09-08,Store_B,9191.38
2023-09-09,Store_B,8088.99
2023-09-10,Store_B,8131.82
2023-09-11,Store_B,7018.08
2023-09-12,Store_B,7040.54
2023-09-13,Store_B,7553.68
2023-09-14,Store_B,7290.2
2023-09-15,Store_B,6929.48
2023-09-16,Store_B,8186.89
2023-09-17,Store_B,7405.33
2023-09-18,Store_B,6944.41
2023-09-19,Store_B,7466.13
2023-09-20,Store_B,8045.66
2023-09-21,Store_B,6399.9
2023-09-22,Store_B,6453.53
2023-09-23,Store_B,7253.45
2023-09-24,Store_B,7349.22
2023-09-25,Store_B,6497.14
2023-09-26,Store_B,6077.11
2023-09-27,Store_B,6602.77
2023-09-28,Store_B,6922.7
2023-09-29,Store_B,6204.46
2023-09-30,Store_B,8107.56
2023-10-01,Store_B,7698.06
2023-10-02,Store_B,6887.02
2023-10-03,Store_B,6215.91
2023-10-04,Store_B,6777.19
2023-10-05,Store_B,6006.93
2023-10-06,Store_B,6749.3
2023-10-07,Store_B,7442.06
2023-10-08,Store_B,7568.37
2023-10-09,Store_B,5892.36
2023-10-10,Store_B,5980.09
2023-10-11,Store_B,6534.49
2023-10-12,Store_B,5919.46
2023-10-13,Store_B,6443.08
2023-10-14,Store_B,6708.73
2023-10-15,Store_B,7542.13
2023-10-16,Store_B,5731.73
2023-10-17,Store_B,6399.74
2023-10-18,Store_B,6409.01
2023-10-19,Store_B,5881.11
2023-10-20,Store_B,6354.87
2023-10-21,Store_B,7202.69
2023-10-22,Store_B,6876.81
2023-10-23,Store_B,5688.03
2023-10-24,Store_B,5302.99
2023-10-25,Store_B,6175.72
2023-10-26,Store_B,5421.4
2023-10-27,Store_B,6043.54
2023-10-28,Store_B,6878.63
2023-10-29,Store_B,7225.0
2023-10-30,Store_B,5840.98
2023-10-31,Store_B,5814.42
2023-11-01,Store_B,6207.29
2023-11-02,Store_B,8789.05
2023-11-03,Store_B,8766.59
2023-11-04,Store_B,9800.63
2023-11-05,Store_B,9014.15
2023-11-06,Store_B,8892.38
2023-11-07,Store_B,8822.78
2023-11-08,Store_B,8181.83
2023-11-09,Store_B,5715.86
2023-11-10,Store_B,5781.59
2023-11-11,Store_B,6722.15
2023-11-12,Store_B,6889.99
2023-11-13,Store_B,6310.39
2023-11-14,Store_B,6163.97
2023-11-15,Store_B,5230.8
2023-11-16,Store_B,5964.35
2023-11-17,Store_B,6225.68
2023-11-18,Store_B,6842.49
2023-11-19,Store_B,7103.48
2023-11-20,Store_B,6458.41
2023-11-21,Store_B,6068.4
2023-11-22,Store_B,5761.21
2023-11-23,Store_B,6058.89
2023-11-24,Store_B,5703.99
2023-11-25,Store_B,6639.45
2023-11-26,Store_B,6487.37
2023-11-27,Store_B,6227.36
2023-11-28,Store_B,5303.52
2023-11-29,Store_B,6202.12
2023-11-30,Store_B,5798.53
2023-12-01,Store_B,5061.65
2023-12-02,Store_B,6726.63
2023-12-03,Store_B,5771.65
2023-12-04,Store_B,5826.46
2023-12-05,Store_B,5922.32
2023-12-06,Store_B,5349.71
2023-12-07,Store_B,5621.99
2023-12-08,Store_B,6323.83
2023-12-09,Store_B,6364.22
2023-12-10,Store_B,6149.11
2023-12-11,Store_B,6135.48
2023-12-12,Store_B,6319.3
2023-12-13,Store_B,5564.19
2023-12-14,Store_B,5951.65
2023-12-15,Store_B,6078.57
2023-12-16,Store_B,6266.53
2023-12-17,Store_B,6366.23
2023-12-18,Store_B,6038.05
2023-12-19,Store_B,6214.39
2023-12-20,Store_B,5784.28
2023-12-21,Store_B,5231.16
2023-12-22,Store_B,6337.63
2023-12-23,Store_B,6361.31
2023-12-24,Store_B,6440.24
2023-12-25,Store_B,5715.01
2023-12-26,Store_B,6185.91
2023-12-27,Store_B,5921.1
2023-12-28,Store_B,5757.2
2023-12-29,Store_B,7431.4
2023-12-30,Store_B,8265.75
2023-12-31,Store_B,8470.24
2024-01-01,Store_B,6298.24
2024-01-02,Store_B,5515.09
2024-01-03,Store_B,5729.76
2024-01-04,Store_B,5201.66
2024-01-05,Store_B,5801.88
2024-01-06,Store_B,6573.17
2024-01-07,Store_B,7336.88
2024-01-08,Store_B,6286.15
2024-01-09,Store_B,5511.1
2024-01-10,Store_B,5642.65
2024-01-11,Store_B,7359.12
2024-01-12,Store_B,5548.54
2024-01-13,Store_B,6798.93
2024-01-14,Store_B,6443.7
2024-01-15,Store_B,5322.52
2024-01-16,Store_B,6010.07
2024-01-17,Store_B,6025.59
2024-01-18,Store_B,5486.81
2024-01-19,Store_B,6154.79
2024-01-20,Store_B,6570.88
2024-01-21,Store_B,6925.82
2024-01-22,Store_B,7817.55
2024-01-23,Store_B,5855.07
2024-01-24,Store_B,6058.42
2024-01-25,Store_B,5700.19
2024-01-26,Store_B,5839.38
2024-01-27,Store_B,6842.1
2024-01-28,Store_B,6650.57
2024-01-29,Store_B,5896.92
2024-01-30,Store_B,5386.04
2024-01-31,Store_B,5810.76
2024-02-01,Store_B,5908.07
2024-02-02,Store_B,5937.32
2024-02-03,Store_B,6951.46
2024-02-04,Store_B,7039.44
2024-02-05,Store_B,6276.87
2024-02-06,Store_B,6448.32
2024-02-07,Store_B,5881.1
2024-02-08,Store_B,5687.92
2024-02-09,Store_B,5770.12
2024-02-10,Store_B,6994.14
2024-02-11,Store_B,7066.9
2024-02-12,Store_B,5936.85
2024-02-13,Store_B,5755.45
2024-02-14,Store_B,6100.25
2024-02-15,Store_B,6367.33
2024-02-16,Store_B,6548.42
2024-02-17,Store_B,7116.79
2024-02-18,Store_B,7194.68
2024-02-19,Store_B,6029.39
2024-02-20,Store_B,6396.76
2024-02-21,Store_B,6105.11
2024-02-22,Store_B,6675.48
2024-02-23,Store_B,5790.53
2024-02-24,Store_B,7353.06
2024-02-25,Store_B,7631.05
2024-02-26,Store_B,6619.67
2024-02-27,Store_B,7609.63
2024-02-28,Store_B,6731.56
2024-02-29,Store_B,8629.29
2024-03-01,Store_B,6608.72
2024-03-02,Store_B,6976.1
2024-03-03,Store_B,7653.54
2024-03-04,Store_B,6398.57
2024-03-05,Store_B,7096.57
2024-03-06,Store_B,6557.51
2024-03-07,Store_B,6749.17
2024-03-08,Store_B,6574.57
2024-03-09,Store_B,8503.93
2024-03-10,Store_B,7736.09
2024-03-11,Store_B,7600.67
2024-03-12,Store_B,7234.01
2024-03-13,Store_B,7131.63
2024-03-14,Store_B,7113.53
2024-03-15,Store_B,7148.75
2024-03-16,Store_B,7270.59
2024-03-17,Store_B,9536.26
2024-03-18,Store_B,7399.43
2024-03-19,Store_B,7080.89
2024-03-20,Store_B,6584.39
2024-03-21,Store_B,7130.89
2024-03-22,Store_B,10265.4
2024-03-23,Store_B,8672.45
2024-03-24,Store_B,8194.16
2024-03-25,Store_B,7619.94
2024-03-26,Store_B,7138.1
2024-03-27,Store_B,6648.75
2024-03-28,Store_B,6974.3
2024-03-29,Store_B,7957.36
2024-03-30,Store_B,8265.52
2024-03-31,Store_B,11193.0
2024-04-01,Store_B,7316.08
2024-04-02,Store_B,8189.74
2024-04-03,Store_B,8107.69
2024-04-04,Store_B,8360.87
2024-04-05,Store_B,7470.24
2024-04-06,Store_B,8660.02
2024-04-07,Store_B,7986.91
2024-04-08,Store_B,8173.93
2024-04-09,Store_B,7180.07
2024-04-10,Store_B,7737.34
2024-04-11,Store_B,7255.5
2024-04-12,Store_B,7475.17
2024-04-13,Store_B,8393.31
2024-04-14,Store_B,11031.31
2024-04-15,Store_B,7565.13
2024-04-16,Store_B,7584.87
2024-04-17,Store_B,8139.86
2024-04-18,Store_B,7416.54
2024-04-19,Store_B,7949.51
2024-04-20,Store_B,11374.85
2024-04-21,Store_B,8701.8
2024-04-22,Store_B,7655.05
2024-04-23,Store_B,7864.55
2024-04-24,Store_B,8429.12
2024-04-25,Store_B,8071.05
2024-04-26,Store_B,7812.96
2024-04-27,Store_B,9214.68
2024-04-28,Store_B,8624.68
2024-04-29,Store_B,8341.8
2024-04-30,Store_B,8256.94
2024-05-01,Store_B,8001.01
2024-05-02,Store_B,7816.29
2024-05-03,Store_B,7817.12
2024-05-04,Store_B,9373.46
2024-05-05,Store_B,9659.49
2024-05-06,Store_B,7969.46
2024-05-07,Store_B,8409.5
2024-05-08,Store_B,7447.42
2024-05-09,Store_B,8043.44
2024-05-10,Store_B,8273.84
2024-05-11,Store_B,8942.54
2024-05-12,Store_B,8948.87
2024-05-13,Store_B,8078.66
2024-05-14,Store_B,8464.25
2024-05-15,Store_B,8295.31
2024-05-16,Store_B,7521.05
2024-05-17,Store_B,7581.3
2024-05-18,Store_B,9168.78
2024-05-19,Store_B,9592.95
2024-05-20,Store_B,7382.91
2024-05-21,Store_B,8261.91
2024-05-22,Store_B,8264.95
2024-05-23,Store_B,9014.96
2024-05-24,Store_B,8344.74
2024-05-25,Store_B,9642.59
2024-05-26,Store_B,13333.17
2024-05-27,Store_B,7708.08
2024-05-28,Store_B,8835.15
2024-05-29,Store_B,8632.98
2024-05-30,Store_B,8756.02
2024-05-31,Store_B,10081.84
2024-06-01,Store_B,8767.37
2024-06-02,Store_B,10242.9
2024-06-03,Store_B,8486.96
2024-06-04,Store_B,8716.6
2024-06-05,Store_B,8596.41
2024-06-06,Store_B,8458.16
2024-06-07,Store_B,8409.27
2024-06-08,Store_B,9752.28
2024-06-09,Store_B,9047.67
2024-06-10,Store_B,8936.72
2024-06-11,Store_B,8493.07
2024-06-12,Store_B,8223.38
2024-06-13,Store_B,8489.96
2024-06-14,Store_B,9151.56
2024-06-15,Store_B,9455.4
2024-06-16,Store_B,9803.05
2024-06-17,Store_B,8396.75
2024-06-18,Store_B,8972.69
2024-06-19,Store_B,8947.13
2024-06-20,Store_B,9396.83
2024-06-21,Store_B,11235.77
2024-06-22,Store_B,9935.14
2024-06-23,Store_B,9716.15
2024-06-24,Store_B,9187.58
2024-06-25,Store_B,8411.79
2024-06-26,Store_B,11872.25
2024-06-27,Store_B,8612.12
2024-06-28,Store_B,8661.02
2024-06-29,Store_B,9709.31
2024-06-30,Store_B,9768.96
2024-07-01,Store_B,8634.55
2024-07-02,Store_B,8759.02
2024-07-03,Store_B,9280.59
2024-07-04,Store_B,9048.67
2024-07-05,Store_B,8999.76
2024-07-06,Store_B,9475.23
2024-07-07,Store_B,9303.34
2024-07-08,Store_B,9018.18
2024-07-09,Store_B,8981.98
2024-07-10,Store_B,9205.6
2024-07-11,Store_B,8399.63
2024-07-12,Store_B,8536.95
2024-07-13,Store_B,8976.91
2024-07-14,Store_B,9449.43
2024-07-15,Store_B,8986.25
2024-07-16,Store_B,8414.64
2024-07-17,Store_B,8832.14
2024-07-18,Store_B,8503.16
2024-07-19,Store_B,8691.85
2024-07-20,Store_B,9105.46
2024-07-21,Store_B,9570.01
2024-07-22,Store_B,7385.15
2024-07-23,Store_B,8453.97
2024-07-24,Store_B,7887.04
2024-07-25,Store_B,8967.6
2024-07-26,Store_B,8790.77
2024-07-27,Store_B,9648.99
2024-07-28,Store_B,10042.43
2024-07-29,Store_B,8088.72
2024-07-30,Store_B,9113.68
2024-07-31,Store_B,8786.41
2024-08-01,Store_B,8322.72
2024-08-02,Store_B,8836.98
2024-08-03,Store_B,8949.51
2024-08-04,Store_B,9043.38
2024-08-05,Store_B,8121.6
2024-08-06,Store_B,8137.06
2024-08-07,Store_B,7918.48
2024-08-08,Store_B,8780.4
2024-08-09,Store_B,8193.85
2024-08-10,Store_B,11728.52
2024-08-11,Store_B,9031.13
2024-08-12,Store_B,7543.01
2024-08-13,Store_B,8330.9
2024-08-14,Store_B,7473.45
2024-08-15,Store_B,8165.75
2024-08-16,Store_B,7647.65
2024-08-17,Store_B,9911.61
2024-08-18,Store_B,9479.23
2024-08-19,Store_B,8160.7
2024-08-20,Store_B,8587.94
2024-08-21,Store_B,7756.81
2024-08-22,Store_B,10727.49
2024-08-23,Store_B,8121.45
2024-08-24,Store_B,9116.85
2024-08-25,Store_B,9485.55
2024-08-26,Store_B,8268.04
2024-08-27,Store_B,8077.36
2024-08-28,Store_B,7309.08
2024-08-29,Store_B,
2024-08-30,Store_B,7858.57
2024-08-31,Store_B,8911.36
2024-09-01,Store_B,8419.75
2024-09-02,Store_B,8772.72
2024-09-03,Store_B,8407.27
2024-09-04,Store_B,8034.39
2024-09-05,Store_B,7809.34
2024-09-06,Store_B,7678.83
2024-09-07,Store_B,8362.89
2024-09-08,Store_B,8737.97
2024-09-09,Store_B,7796.06
2024-09-10,Store_B,7197.37
2024-09-11,Store_B,7782.67
2024-09-12,Store_B,7572.75
2024-09-13,Store_B,6876.49
2024-09-14,Store_B,8248.17
2024-09-15,Store_B,10799.14
2024-09-16,Store_B,8272.95
2024-09-17,Store_B,7738.81
2024-09-18,Store_B,6988.72
2024-09-19,Store_B,7668.35
2024-09-20,Store_B,6863.86
2024-09-21,Store_B,8844.76
2024-09-22,Store_B,8224.91
2024-09-23,Store_B,7358.64
2024-09-24,Store_B,7883.55
2024-09-25,Store_B,6856.03
2024-09-26,Store_B,6792.2
2024-09-27,Store_B,7083.97
2024-09-28,Store_B,8677.06
2024-09-29,Store_B,7671.02
2024-09-30,Store_B,6154.35
2024-10-01,Store_B,7049.88
2024-10-02,Store_B,7414.93
2024-10-03,Store_B,7643.63
2024-10-04,Store_B,6982.34
2024-10-05,Store_B,7971.49
2024-10-06,Store_B,8553.49
2024-10-07,Store_B,6378.85
2024-10-08,Store_B,6928.72
2024-10-09,Store_B,7131.34
2024-10-10,Store_B,7210.84
2024-10-11,Store_B,6821.64
2024-10-12,Store_B,8001.34
2024-10-13,Store_B,7010.41
2024-10-14,Store_B,6705.49
2024-10-15,Store_B,7114.18
2024-10-16,Store_B,6542.25
2024-10-17,Store_B,6924.18
2024-10-18,Store_B,7054.75
2024-10-19,Store_B,7722.24
2024-10-20,Store_B,7901.39
2024-10-21,Store_B,6456.95
2024-10-22,Store_B,6730.11
2024-10-23,Store_B,7026.87
2024-10-24,Store_B,6834.88
2024-10-25,Store_B,6531.37
2024-10-26,Store_B,7816.49
2024-10-27,Store_B,7988.51
2024-10-28,Store_B,5917.64
2024-10-29,Store_B,7136.84
2024-10-30,Store_B,6545.14
2024-10-31,Store_B,6822.67
2024-11-01,Store_B,7104.33
2024-11-02,Store_B,9840.11
2024-11-03,Store_B,10080.16
2024-11-04,Store_B,9237.58
2024-11-05,Store_B,9032.6
2024-11-06,Store_B,9988.27
2024-11-07,Store_B,8976.73
2024-11-08,Store_B,11031.14
2024-11-09,Store_B,9279.84
2024-11-10,Store_B,7044.44
2024-11-11,Store_B,6352.45
2024-11-12,Store_B,6614.86
2024-11-13,Store_B,6352.67
2024-11-14,Store_B,6433.38
2024-11-15,Store_B,6254.39
2024-11-16,Store_B,6854.3
2024-11-17,Store_B,7550.72
2024-11-18,Store_B,7102.44
2024-11-19,Store_B,6424.1
2024-11-20,Store_B,6494.34
2024-11-21,Store_B,6665.25
2024-11-22,Store_B,5901.17
2024-11-23,Store_B,8027.01
2024-11-24,Store_B,7441.48
2024-11-25,Store_B,6994.26
2024-11-26,Store_B,6076.56
2024-11-27,Store_B,7051.9
2024-11-28,Store_B,6643.92
2024-11-29,Store_B,6552.33
2024-11-30,Store_B,7413.82
2024-12-01,Store_B,7222.73
2024-12-02,Store_B,6785.7
2024-12-03,Store_B,6373.01
2024-12-04,Store_B,5557.52
2024-12-05,Store_B,5880.98
2024-12-06,Store_B,6236.21
2024-12-07,Store_B,7414.16
2024-12-08,Store_B,7270.48
2024-12-09,Store_B,6769.42
2024-12-10,Store_B,5547.2
2024-12-11,Store_B,6352.32
2024-12-12,Store_B,5596.18
2024-12-13,Store_B,6588.06
2024-12-14,Store_B,7249.07
2024-12-15,Store_B,7447.27
2024-12-16,Store_B,8155.48
2024-12-17,Store_B,6790.09
2024-12-18,Store_B,6700.06
2024-12-19,Store_B,6525.57
2024-12-20,Store_B,6253.35
2024-12-21,Store_B,7519.18
2024-12-22,Store_B,7026.92
2024-12-23,Store_B,6641.99
2024-12-24,Store_B,6951.6
2024-12-25,Store_B,6733.08
2024-12-26,Store_B,6044.75
2024-12-27,Store_B,6469.95
2024-12-28,Store_B,6828.51
2024-12-29,Store_B,9202.7
2024-12-30,Store_B,8172.18
2024-12-31,Store_B,7285.58
2022-01-01,Store_C,6021.29
2022-01-02,Store_C,6080.2
2022-01-03,Store_C,5905.74
2022-01-04,Store_C,5179.4
2022-01-05,Store_C,5232.28
2022-01-06,Store_C,4865.91
2022-01-07,Store_C,5758.62
2022-01-08,Store_C,7919.13
2022-01-09,Store_C,6198.19
2022-01-10,Store_C,4482.4
2022-01-11,Store_C,5218.93
2022-01-12,Store_C,4998.89
2022-01-13,Store_C,6077.65
2022-01-14,Store_C,6168.06
2022-01-15,Store_C,5941.41
2022-01-16,Store_C,6010.75
2022-01-17,Store_C,5205.3
2022-01-18,Store_C,4964.78
2022-01-19,Store_C,5473.53
2022-01-20,Store_C,5231.82
2022-01-21,Store_C,5538.52
2022-01-22,Store_C,7130.77
2022-01-23,Store_C,6159.09
2022-01-24,Store_C,5934.34
2022-01-25,Store_C,5133.16
2022-01-26,Store_C,6522.46
2022-01-27,Store_C,6291.56
2022-01-28,Store_C,5486.74
2022-01-29,Store_C,6326.88
2022-01-30,Store_C,6257.2
2022-01-31,Store_C,6020.52
2022-02-01,Store_C,5612.32
2022-02-02,Store_C,8319.17
2022-02-03,Store_C,6721.37
2022-02-04,Store_C,5328.68
2022-02-05,Store_C,6357.41
2022-02-06,Store_C,7058.53
2022-02-07,Store_C,6312.04
2022-02-08,Store_C,5344.06
2022-02-09,Store_C,5833.12
2022-02-10,Store_C,6494.02
2022-02-11,Store_C,5090.18
2022-02-12,Store_C,7229.3
2022-02-13,Store_C,6886.36
2022-02-14,Store_C,6005.0
2022-02-15,Store_C,6310.5
2022-02-16,Store_C,8185.19
2022-02-17,Store_C,5546.08
2022-02-18,Store_C,5815.9
2022-02-19,Store_C,7985.36
2022-02-20,Store_C,7490.93
2022-02-21,Store_C,6538.64
2022-02-22,Store_C,8732.54
2022-02-23,Store_C,6581.07
2022-02-24,Store_C,6036.34
2022-02-25,Store_C,5888.76
2022-02-26,Store_C,7871.0
2022-02-27,Store_C,8073.69
2022-02-28,Store_C,5907.63
2022-03-01,Store_C,6098.62
2022-03-02,Store_C,6325.19
2022-03-03,Store_C,7204.2
2022-03-04,Store_C,6731.64
2022-03-05,Store_C,7087.9
2022-03-06,Store_C,7704.62
2022-03-07,Store_C,6438.68
2022-03-08,Store_C,6028.2
2022-03-09,Store_C,6567.87
2022-03-10,Store_C,6510.87
2022-03-11,Store_C,6508.06
2022-03-12,Store_C,7741.64
2022-03-13,Store_C,8667.37
2022-03-14,Store_C,6601.37
2022-03-15,Store_C,6829.7
2022-03-16,Store_C,6809.71
2022-03-17,Store_C,8496.89
2022-03-18,Store_C,6938.88
2022-03-19,Store_C,8187.86
2022-03-20,Store_C,8226.45
2022-03-21,Store_C,6587.24
2022-03-22,Store_C,6929.87
2022-03-23,Store_C,7421.64
2022-03-24,Store_C,9334.55
2022-03-25,Store_C,7200.15
2022-03-26,Store_C,8458.31
2022-03-27,Store_C,8609.09
2022-03-28,Store_C,7483.9
2022-03-29,Store_C,7166.59
2022-03-30,Store_C,6847.12
2022-03-31,Store_C,6732.17
2022-04-01,Store_C,7827.97
2022-04-02,Store_C,8965.36
2022-04-03,Store_C,8938.89
2022-04-04,Store_C,7822.89
2022-04-05,Store_C,7390.7
2022-04-06,Store_C,7200.87
2022-04-07,Store_C,7062.21
2022-04-08,Store_C,7040.79
2022-04-09,Store_C,9390.58
2022-04-10,Store_C,8608.97
2022-04-11,Store_C,8151.76
2022-04-12,Store_C,7590.46
2022-04-13,Store_C,9551.31
2022-04-14,Store_C,7217.47
2022-04-15,Store_C,7487.61
2022-04-16,Store_C,9695.62
2022-04-17,Store_C,8533.21
2022-04-18,Store_C,8861.4
2022-04-19,Store_C,7481.99
2022-04-20,Store_C,8267.15
2022-04-21,Store_C,7868.84
2022-04-22,Store_C,7812.95
2022-04-23,Store_C,8611.62
2022-04-24,Store_C,9197.0
2022-04-25,Store_C,7495.23
2022-04-26,Store_C,7272.59
2022-04-27,Store_C,8156.11
2022-04-28,Store_C,7822.58
2022-04-29,Store_C,8952.34
2022-04-30,Store_C,9875.84
2022-05-01,Store_C,13569.8
2022-05-02,Store_C,7901.24
2022-05-03,Store_C,8314.41
2022-05-04,Store_C,7026.08
2022-05-05,Store_C,8162.96
2022-05-06,Store_C,8367.2
2022-05-07,Store_C,9640.51
2022-05-08,Store_C,9569.51
2022-05-09,Store_C,8419.5
2022-05-10,Store_C,7118.05
2022-05-11,Store_C,8552.89
2022-05-12,Store_C,8682.03
2022-05-13,Store_C,9109.4
2022-05-14,Store_C,9892.21
2022-05-15,Store_C,9674.24
2022-05-16,Store_C,9057.8
2022-05-17,Store_C,9582.46
2022-05-18,Store_C,8324.25
2022-05-19,Store_C,8222.96
2022-05-20,Store_C,8588.74
2022-05-21,Store_C,8799.86
2022-05-22,Store_C,10491.41
2022-05-23,Store_C,8536.74
2022-05-24,Store_C,8823.33
2022-05-25,Store_C,8793.26
2022-05-26,Store_C,9303.05
2022-05-27,Store_C,7830.4
2022-05-28,Store_C,10008.27
2022-05-29,Store_C,10514.04
2022-05-30,Store_C,8711.0
2022-05-31,Store_C,8317.55
2022-06-01,Store_C,8495.15
2022-06-02,Store_C,8607.33
2022-06-03,Store_C,8462.43
2022-06-04,Store_C,9967.72
2022-06-05,Store_C,10768.71
2022-06-06,Store_C,8552.27
2022-06-07,Store_C,8613.83
2022-06-08,Store_C,9073.67
2022-06-09,Store_C,8779.97
2022-06-10,Store_C,8238.36
2022-06-11,Store_C,10073.3
2022-06-12,Store_C,12454.28
2022-06-13,Store_C,9356.1
2022-06-14,Store_C,8434.8
2022-06-15,Store_C,9370.51
2022-06-16,Store_C,8861.23
2022-06-17,Store_C,8384.79
2022-06-18,Store_C,9517.06
2022-06-19,Store_C,11064.17
2022-06-20,Store_C,8846.15
2022-06-21,Store_C,9370.4
2022-06-22,Store_C,8113.41
2022-06-23,Store_C,10183.37
2022-06-24,Store_C,9353.86
2022-06-25,Store_C,10031.43
2022-06-26,Store_C,10007.13
2022-06-27,Store_C,9277.88
2022-06-28,Store_C,9249.39
2022-06-29,Store_C,9012.28
2022-06-30,Store_C,8928.41
2022-07-01,Store_C,9187.65
2022-07-02,Store_C,9312.38
2022-07-03,Store_C,9961.07
2022-07-04,Store_C,8125.75
2022-07-05,Store_C,9192.82
2022-07-06,Store_C,8578.24
2022-07-07,Store_C,8146.26
2022-07-08,Store_C,8510.41
2022-07-09,Store_C,10176.79
2022-07-10,Store_C,10000.97
2022-07-11,Store_C,8308.72
2022-07-12,Store_C,8047.64
2022-07-13,Store_C,8885.9
2022-07-14,Store_C,8565.35
2022-07-15,Store_C,8709.57
2022-07-16,Store_C,9970.56
2022-07-17,Store_C,10240.99
2022-07-18,Store_C,9204.68
2022-07-19,Store_C,8860.08
2022-07-20,Store_C,8626.16
2022-07-21,Store_C,8778.42
2022-07-22,Store_C,8592.64
2022-07-23,Store_C,9183.32
2022-07-24,Store_C,10471.58
2022-07-25,Store_C,9144.06
2022-07-26,Store_C,9646.27
2022-07-27,Store_C,9770.73
2022-07-28,Store_C,8110.4
2022-07-29,Store_C,8495.11
2022-07-30,Store_C,11058.44
2022-07-31,Store_C,9827.44
2022-08-01,Store_C,8722.39
2022-08-02,Store_C,7865.12
2022-08-03,Store_C,8643.37
2022-08-04,Store_C,9473.72
2022-08-05,Store_C,9148.47
2022-08-06,Store_C,9451.26
2022-08-07,Store_C,9534.18
2022-08-08,Store_C,7941.4
2022-08-09,Store_C,8055.1
2022-08-10,Store_C,7531.2
2022-08-11,Store_C,8379.97
2022-08-12,Store_C,9118.73
2022-08-13,Store_C,9772.37
2022-08-14,Store_C,10232.47
2022-08-15,Store_C,8847.67
2022-08-16,Store_C,8054.89
2022-08-17,Store_C,7931.74
2022-08-18,Store_C,7927.8
2022-08-19,Store_C,7431.31
2022-08-20,Store_C,9465.31
2022-08-21,Store_C,8044.43
2022-08-22,Store_C,8461.26
2022-08-23,Store_C,10660.61
2022-08-24,Store_C,8357.03
2022-08-25,Store_C,8611.87
2022-08-26,Store_C,8179.24
2022-08-27,Store_C,10060.93
2022-08-28,Store_C,9555.83
2022-08-29,Store_C,7650.69
2022-08-30,Store_C,7873.04
2022-08-31,Store_C,6884.75
2022-09-01,Store_C,7506.46
2022-09-02,Store_C,7729.16
2022-09-03,Store_C,9369.0
2022-09-04,Store_C,8726.13
2022-09-05,Store_C,7240.27
2022-09-06,Store_C,6909.09
2022-09-07,Store_C,7497.61
2022-09-08,Store_C,8683.95
2022-09-09,Store_C,7858.14
2022-09-10,Store_C,9373.98
2022-09-11,Store_C,8471.89
2022-09-12,Store_C,6900.85
2022-09-13,Store_C,7042.01
2022-09-14,Store_C,7550.39
2022-09-15,Store_C,6620.74
2022-09-16,Store_C,7064.1
2022-09-17,Store_C,8461.39
2022-09-18,Store_C,8084.98
2022-09-19,Store_C,6452.09
2022-09-20,Store_C,7574.06
2022-09-21,Store_C,7431.24
2022-09-22,Store_C,7753.46
2022-09-23,Store_C,6827.34
2022-09-24,Store_C,8914.92
2022-09-25,Store_C,9254.47
2022-09-26,Store_C,7400.71
2022-09-27,Store_C,6959.0
2022-09-28,Store_C,7291.88
2022-09-29,Store_C,6883.29
2022-09-30,Store_C,6777.69
2022-10-01,Store_C,8693.03
2022-10-02,Store_C,8275.45
2022-10-03,Store_C,7665.21
2022-10-04,Store_C,6855.06
2022-10-05,Store_C,6877.44
2022-10-06,Store_C,6744.51
2022-10-07,Store_C,6455.42
2022-10-08,Store_C,8574.91
2022-10-09,Store_C,9202.41
2022-10-10,Store_C,6731.01
2022-10-11,Store_C,6564.15
2022-10-12,Store_C,6508.58
2022-10-13,Store_C,6515.29
2022-10-14,Store_C,9923.21
2022-10-15,Store_C,7672.42
2022-10-16,Store_C,7711.93
2022-10-17,Store_C,6152.43
2022-10-18,Store_C,6859.17
2022-10-19,Store_C,6664.18
2022-10-20,Store_C,6131.93
2022-10-21,Store_C,6225.52
2022-10-22,Store_C,8581.74
2022-10-23,Store_C,7845.45
2022-10-24,Store_C,6632.37
2022-10-25,Store_C,6612.63
2022-10-26,Store_C,7204.84
2022-10-27,Store_C,6022.44
2022-10-28,Store_C,6310.54
2022-10-29,Store_C,7622.37
2022-10-30,Store_C,6863.4
2022-10-31,Store_C,8176.55
2022-11-01,Store_C,6917.65
2022-11-02,Store_C,10162.17
2022-11-03,Store_C,10227.58
2022-11-04,Store_C,9482.69
2022-11-05,Store_C,10747.36
2022-11-06,Store_C,10100.19
2022-11-07,Store_C,10153.57
2022-11-08,Store_C,10215.0
2022-11-09,Store_C,6792.35
2022-11-10,Store_C,7023.74
2022-11-11,Store_C,6445.3
2022-11-12,Store_C,8194.03
2022-11-13,Store_C,7342.51
2022-11-14,Store_C,5358.22
2022-11-15,Store_C,6594.82
2022-11-16,Store_C,5312.68
2022-11-17,Store_C,6238.98
2022-11-18,Store_C,6599.76
2022-11-19,Store_C,7510.86
2022-11-20,Store_C,8428.88
2022-11-21,Store_C,5173.02
2022-11-22,Store_C,6058.17
2022-11-23,Store_C,6095.17
2022-11-24,Store_C,5436.78
2022-11-25,Store_C,5517.55
2022-11-26,Store_C,6879.07
2022-11-27,Store_C,6749.0
2022-11-28,Store_C,5988.57
2022-11-29,Store_C,5744.98
2022-11-30,Store_C,6175.81
2022-12-01,Store_C,6326.58
2022-12-02,Store_C,6287.82
2022-12-03,Store_C,7033.59
2022-12-04,Store_C,7358.62
2022-12-05,Store_C,6486.83
2022-12-06,Store_C,6201.57
2022-12-07,Store_C,6870.22
2022-12-08,Store_C,6449.22
2022-12-09,Store_C,6796.52
2022-12-10,Store_C,6013.55
2022-12-11,Store_C,7243.77
2022-12-12,Store_C,5817.9
2022-12-13,Store_C,5911.44
2022-12-14,Store_C,5587.11
2022-12-15,Store_C,6158.71
2022-12-16,Store_C,5109.69
2022-12-17,Store_C,7387.35
2022-12-18,Store_C,6829.33
2022-12-19,Store_C,5736.33
2022-12-20,Store_C,6185.6
2022-12-21,Store_C,6017.23
2022-12-22,Store_C,6484.77
2022-12-23,Store_C,5525.49
2022-12-24,Store_C,7176.93
2022-12-25,Store_C,7643.27
2022-12-26,Store_C,6173.52
2022-12-27,Store_C,6210.05
2022-12-28,Store_C,8811.78
2022-12-29,Store_C,7867.35
2022-12-30,Store_C,7774.48
2022-12-31,Store_C,9574.09
2023-01-01,Store_C,9237.2
2023-01-02,Store_C,6587.35
2023-01-03,Store_C,6238.54
2023-01-04,Store_C,5775.65
2023-01-05,Store_C,6243.75
2023-01-06,Store_C,5663.8
2023-01-07,Store_C,7779.51
2023-01-08,Store_C,6675.5
2023-01-09,Store_C,6710.49
2023-01-10,Store_C,6294.24
2023-01-11,Store_C,6076.35
2023-01-12,Store_C,6531.69
2023-01-13,Store_C,6425.85
2023-01-14,Store_C,8054.3
2023-01-15,Store_C,8064.9
2023-01-16,Store_C,6395.25
2023-01-17,Store_C,5828.53
2023-01-18,Store_C,6002.12
2023-01-19,Store_C,6242.6
2023-01-20,Store_C,6808.86
2023-01-21,Store_C,7318.42
2023-01-22,Store_C,7376.26
2023-01-23,Store_C,7228.14
2023-01-24,Store_C,6317.64
2023-01-25,Store_C,6084.53
2023-01-26,Store_C,6776.14
2023-01-27,Store_C,6399.92
2023-01-28,Store_C,7009.78
2023-01-29,Store_C,8187.69
2023-01-30,Store_C,6133.99
2023-01-31,Store_C,6532.08
2023-02-01,Store_C,6501.03
2023-02-02,Store_C,6665.49
2023-02-03,Store_C,5535.87
2023-02-04,Store_C,7666.54
2023-02-05,Store_C,8385.04
2023-02-06,Store_C,7251.89
2023-02-07,Store_C,6201.94
2023-02-08,Store_C,9511.35
2023-02-09,Store_C,6360.87
2023-02-10,Store_C,6570.27
2023-02-11,Store_C,7844.84
2023-02-12,Store_C,8075.75
2023-02-13,Store_C,7302.77
2023-02-14,Store_C,6978.51
2023-02-15,Store_C,6819.27
2023-02-16,Store_C,7366.76
2023-02-17,Store_C,6551.54
2023-02-18,Store_C,8148.4
2023-02-19,Store_C,8686.96
2023-02-20,Store_C,7268.97
2023-02-21,Store_C,6823.36
2023-02-22,Store_C,6353.68
2023-02-23,Store_C,7250.57
2023-02-24,Store_C,6380.13
2023-02-25,Store_C,8283.61
2023-02-26,Store_C,8975.32
2023-02-27,Store_C,7503.78
2023-02-28,Store_C,6286.23
2023-03-01,Store_C,7374.85
2023-03-02,Store_C,7157.62
2023-03-03,Store_C,6733.54
2023-03-04,Store_C,8753.73
2023-03-05,Store_C,8390.76
2023-03-06,Store_C,7200.43
2023-03-07,Store_C,7521.43
2023-03-08,Store_C,7195.42
2023-03-09,Store_C,7569.99
2023-03-10,Store_C,7273.17
2023-03-11,Store_C,8554.56
2023-03-12,Store_C,9314.86
2023-03-13,Store_C,8170.72
2023-03-14,Store_C,6867.84
2023-03-15,Store_C,8068.33
2023-03-16,Store_C,8410.07
2023-03-17,Store_C,8517.32
2023-03-18,Store_C,9279.4
2023-03-19,Store_C,8560.1
2023-03-20,Store_C,8171.03
2023-03-21,Store_C,7489.14
2023-03-22,Store_C,7771.4
2023-03-23,Store_C,9963.28
2023-03-24,Store_C,7615.04
2023-03-25,Store_C,8708.12
2023-03-26,Store_C,9507.17
2023-03-27,Store_C,8981.88
2023-03-28,Store_C,11715.95
2023-03-29,Store_C,8492.77
2023-03-30,Store_C,8653.68
2023-03-31,Store_C,8522.5
2023-04-01,Store_C,9688.37
2023-04-02,Store_C,9933.13
2023-04-03,Store_C,7661.12
2023-04-04,Store_C,8438.38
2023-04-05,Store_C,8335.73
2023-04-06,Store_C,8442.54
2023-04-07,Store_C,8215.94
2023-04-08,Store_C,9937.73
2023-04-09,Store_C,9330.93
2023-04-10,Store_C,8272.26
2023-04-11,Store_C,8245.07
2023-04-12,Store_C,8997.32
2023-04-13,Store_C,8610.08
2023-04-14,Store_C,8425.69
2023-04-15,Store_C,9720.48
2023-04-16,Store_C,12908.38
2023-04-17,Store_C,9504.12
2023-04-18,Store_C,8171.91
2023-04-19,Store_C,9110.33
2023-04-20,Store_C,12466.53
2023-04-21,Store_C,8424.36
2023-04-22,Store_C,10794.43
2023-04-23,Store_C,10380.18
2023-04-24,Store_C,8684.82
2023-04-25,Store_C,8068.16
2023-04-26,Store_C,9088.76
2023-04-27,Store_C,8984.55
2023-04-28,Store_C,8541.09
2023-04-29,Store_C,9784.5
2023-04-30,Store_C,10719.91
2023-05-01,Store_C,8176.51
2023-05-02,Store_C,9281.61
2023-05-03,Store_C,9067.05
2023-05-04,Store_C,9416.84
2023-05-05,Store_C,9063.67
2023-05-06,Store_C,10590.58
2023-05-07,Store_C,10120.29
2023-05-08,Store_C,12800.27
2023-05-09,Store_C,9527.28
2023-05-10,Store_C,9388.04
2023-05-11,Store_C,9518.62
2023-05-12,Store_C,8916.89
2023-05-13,Store_C,10322.0
2023-05-14,Store_C,12534.71
2023-05-15,Store_C,9287.53
2023-05-16,Store_C,10085.2
2023-05-17,Store_C,9288.89
2023-05-18,Store_C,12183.98
2023-05-19,Store_C,9751.97
2023-05-20,Store_C,11376.85
2023-05-21,Store_C,10152.77
2023-05-22,Store_C,10484.99
2023-05-23,Store_C,9759.94
2023-05-24,Store_C,10070.38
2023-05-25,Store_C,10292.06
2023-05-26,Store_C,10071.74
2023-05-27,Store_C,10794.74
2023-05-28,Store_C,11441.09
2023-05-29,Store_C,9772.31
2023-05-30,Store_C,10183.38
2023-05-31,Store_C,10248.17
2023-06-01,Store_C,9170.0
2023-06-02,Store_C,10079.12
2023-06-03,Store_C,10849.74
2023-06-04,Store_C,11012.9
2023-06-05,Store_C,9793.94
2023-06-06,Store_C,9784.68
2023-06-07,Store_C,10477.83
2023-06-08,Store_C,9111.05
2023-06-09,Store_C,8950.01
2023-06-10,Store_C,10081.47
2023-06-11,Store_C,11518.0
2023-06-12,Store_C,9423.81
2023-06-13,Store_C,11907.86
2023-06-14,Store_C,9749.61
2023-06-15,Store_C,9387.68
2023-06-16,Store_C,10219.77
2023-06-17,Store_C,10982.17
2023-06-18,Store_C,10933.54
2023-06-19,Store_C,9936.92
2023-06-20,Store_C,10172.02
2023-06-21,Store_C,9374.82
2023-06-22,Store_C,10248.66
2023-06-23,Store_C,13402.42
2023-06-24,Store_C,10380.51
2023-06-25,Store_C,11192.16
2023-06-26,Store_C,9690.39
2023-06-27,Store_C,10167.71
2023-06-28,Store_C,9254.59
2023-06-29,Store_C,10607.43
2023-06-30,Store_C,9064.54
2023-07-01,Store_C,10934.97
2023-07-02,Store_C,11254.83
2023-07-03,Store_C,9493.76
2023-07-04,Store_C,12318.98
2023-07-05,Store_C,9917.49
2023-07-06,Store_C,9843.61
2023-07-07,Store_C,9803.82
2023-07-08,Store_C,11427.66
2023-07-09,Store_C,10824.59
2023-07-10,Store_C,9933.45
2023-07-11,Store_C,11721.56
2023-07-12,Store_C,9361.55
2023-07-13,Store_C,9621.83
2023-07-14,Store_C,9511.05
2023-07-15,Store_C,10749.45
2023-07-16,Store_C,11507.93
2023-07-17,Store_C,9597.99
2023-07-18,Store_C,9392.66
2023-07-19,Store_C,9710.37
2023-07-20,Store_C,9734.98
2023-07-21,Store_C,9108.34
2023-07-22,Store_C,10742.74
2023-07-23,Store_C,10710.63
2023-07-24,Store_C,9552.54
2023-07-25,Store_C,9966.04
2023-07-26,Store_C,9671.54
2023-07-27,Store_C,10176.37
2023-07-28,Store_C,9571.3
2023-07-29,Store_C,11630.85
2023-07-30,Store_C,14235.11
2023-07-31,Store_C,9163.09
2023-08-01,Store_C,9773.33
2023-08-02,Store_C,10145.14
2023-08-03,Store_C,8822.18
2023-08-04,Store_C,9367.01
2023-08-05,Store_C,10375.97
2023-08-06,Store_C,10716.27
2023-08-07,Store_C,9410.27
2023-08-08,Store_C,10026.78
2023-08-09,Store_C,9315.32
2023-08-10,Store_C,10001.52
2023-08-11,Store_C,9177.03
2023-08-12,Store_C,10971.59
2023-08-13,Store_C,10618.69
2023-08-14,Store_C,10088.23
2023-08-15,Store_C,8540.41
2023-08-16,Store_C,8667.84
2023-08-17,Store_C,10071.78
2023-08-18,Store_C,8828.71
2023-08-19,Store_C,10060.47
2023-08-20,Store_C,11944.3
2023-08-21,Store_C,9656.28
2023-08-22,Store_C,8489.77
2023-08-23,Store_C,9073.65
2023-08-24,Store_C,8912.86
2023-08-25,Store_C,9508.78
2023-08-26,Store_C,9946.97
2023-08-27,Store_C,10388.64
2023-08-28,Store_C,8384.95
2023-08-29,Store_C,10000.14
2023-08-30,Store_C,8778.81
2023-08-31,Store_C,8871.96
2023-09-01,Store_C,9630.23
2023-09-02,Store_C,9761.92
2023-09-03,Store_C,10809.32
2023-09-04,Store_C,8570.11
2023-09-05,Store_C,9059.89
2023-09-06,Store_C,8441.63
2023-09-07,Store_C,8042.7
2023-09-08,Store_C,10929.97
2023-09-09,Store_C,10164.35
2023-09-10,Store_C,9207.05
2023-09-11,Store_C,8436.82
2023-09-12,Store_C,9128.04
2023-09-13,Store_C,8815.57
2023-09-14,Store_C,8315.17
2023-09-15,Store_C,8192.19
2023-09-16,Store_C,10601.27
2023-09-17,Store_C,8958.43
2023-09-18,Store_C,8368.22
2023-09-19,Store_C,7672.43
2023-09-20,Store_C,8968.7
2023-09-21,Store_C,8312.68
2023-09-22,Store_C,8374.12
2023-09-23,Store_C,10804.56
2023-09-24,Store_C,9177.37
2023-09-25,Store_C,9041.51
2023-09-26,Store_C,7996.57
2023-09-27,Store_C,10588.3
2023-09-28,Store_C,9385.26
2023-09-29,Store_C,8026.38
2023-09-30,Store_C,8646.52
2023-10-01,Store_C,9408.65
2023-10-02,Store_C,7942.08
2023-10-03,Store_C,8172.99
2023-10-04,Store_C,7908.73
2023-10-05,Store_C,9001.11
2023-10-06,Store_C,8185.84
2023-10-07,Store_C,8607.61
2023-10-08,Store_C,9153.19
2023-10-09,Store_C,10023.32
2023-10-10,Store_C,7701.71
2023-10-11,Store_C,7361.36
2023-10-12,Store_C,12135.96
2023-10-13,Store_C,7416.41
2023-10-14,Store_C,9272.47
2023-10-15,Store_C,8767.1
2023-10-16,Store_C,7121.78
2023-10-17,Store_C,7743.59
2023-10-18,Store_C,10483.09
2023-10-19,Store_C,7868.76
2023-10-20,Store_C,6331.71
2023-10-21,Store_C,8193.39
2023-10-22,Store_C,9214.52
2023-10-23,Store_C,7072.91
2023-10-24,Store_C,7587.24
2023-10-25,Store_C,6870.19
2023-10-26,Store_C,7795.91
2023-10-27,Store_C,7869.91
2023-10-28,Store_C,8978.28
2023-10-29,Store_C,9100.96
2023-10-30,Store_C,8109.76
2023-10-31,Store_C,6786.7
2023-11-01,Store_C,6950.69
2023-11-02,Store_C,11134.21
2023-11-03,Store_C,11226.18
2023-11-04,Store_C,11572.78
2023-11-05,Store_C,11521.6
2023-11-06,Store_C,10323.53
2023-11-07,Store_C,9852.61
2023-11-08,Store_C,9994.47
2023-11-09,Store_C,6589.36
2023-11-10,Store_C,7026.87
2023-11-11,Store_C,8503.96
2023-11-12,Store_C,8565.95
2023-11-13,Store_C,6878.52
2023-11-14,Store_C,6875.61
2023-11-15,Store_C,7150.65
2023-11-16,Store_C,6365.89
2023-11-17,Store_C,7521.32
2023-11-18,Store_C,8887.53
2023-11-19,Store_C,7965.4
2023-11-20,Store_C,6837.45
2023-11-21,Store_C,7607.28
2023-11-22,Store_C,6945.7
2023-11-23,Store_C,7273.53
2023-11-24,Store_C,6939.3
2023-11-25,Store_C,8938.2
2023-11-26,Store_C,8421.29
2023-11-27,Store_C,7215.78
2023-11-28,Store_C,7216.21
2023-11-29,Store_C,6674.43
2023-11-30,Store_C,6710.65
2023-12-01,Store_C,7290.28
2023-12-02,Store_C,8201.73
2023-12-03,Store_C,7574.93
2023-12-04,Store_C,7797.48
2023-12-05,Store_C,7366.33
2023-12-06,Store_C,6914.06
2023-12-07,Store_C,6761.83
2023-12-08,Store_C,6982.94
2023-12-09,Store_C,8355.57
2023-12-10,Store_C,7138.86
2023-12-11,Store_C,7885.9
2023-12-12,Store_C,6502.77
2023-12-13,Store_C,6876.69
2023-12-14,Store_C,6893.54
2023-12-15,Store_C,7827.29
2023-12-16,Store_C,8059.18
2023-12-17,Store_C,8858.11
2023-12-18,Store_C,7072.93
2023-12-19,Store_C,6423.33
2023-12-20,Store_C,6947.66
2023-12-21,Store_C,6829.99
2023-12-22,Store_C,6373.75
2023-12-23,Store_C,8287.91
2023-12-24,Store_C,8132.53
2023-12-25,Store_C,7167.74
2023-12-26,Store_C,7000.29
2023-12-27,Store_C,6604.21
2023-12-28,Store_C,7286.24
2023-12-29,Store_C,8670.17
2023-12-30,Store_C,8723.32
2023-12-31,Store_C,10267.87
2024-01-01,Store_C,8727.25
2024-01-02,Store_C,7141.74
2024-01-03,Store_C,7920.66
2024-01-04,Store_C,7944.23
2024-01-05,Store_C,6910.75
2024-01-06,Store_C,7830.73
2024-01-07,Store_C,8513.75
2024-01-08,Store_C,6846.98
2024-01-09,Store_C,7221.94
2024-01-10,Store_C,6733.6
2024-01-11,Store_C,7180.68
2024-01-12,Store_C,6688.51
2024-01-13,Store_C,8876.83
2024-01-14,Store_C,8046.87
2024-01-15,Store_C,7433.42
2024-01-16,Store_C,6532.2
2024-01-17,Store_C,7522.0
2024-01-18,Store_C,6706.55
2024-01-19,Store_C,7307.69
2024-01-20,Store_C,8911.67
2024-01-21,Store_C,8347.13
2024-01-22,Store_C,6746.56
2024-01-23,Store_C,7491.47
2024-01-24,Store_C,6873.65
2024-01-25,Store_C,7100.91
2024-01-26,Store_C,7439.48
2024-01-27,Store_C,9204.99
2024-01-28,Store_C,8590.54
2024-01-29,Store_C,7385.76
2024-01-30,Store_C,7747.31
2024-01-31,Store_C,7441.98
2024-02-01,Store_C,7742.64
2024-02-02,Store_C,7976.01
2024-02-03,Store_C,8553.49
2024-02-04,Store_C,7173.81
2024-02-05,Store_C,7142.95
2024-02-06,Store_C,8131.54
2024-02-07,Store_C,7564.39
2024-02-08,Store_C,7443.63
2024-02-09,Store_C,8185.36
2024-02-10,Store_C,8830.98
2024-02-11,Store_C,7908.72
2024-02-12,Store_C,6990.1
2024-02-13,Store_C,7932.06
2024-02-14,Store_C,7727.4
2024-02-15,Store_C,8478.39
2024-02-16,Store_C,7463.95
2024-02-17,Store_C,8916.95
2024-02-18,Store_C,8670.8
2024-02-19,Store_C,10204.93
2024-02-20,Store_C,7023.14
2024-02-21,Store_C,9934.76
2024-02-22,Store_C,7955.82
2024-02-23,Store_C,7944.37
2024-02-24,Store_C,10285.43
2024-02-25,Store_C,10164.16
2024-02-26,Store_C,7739.38
2024-02-27,Store_C,7153.48
2024-02-28,Store_C,8108.94
2024-02-29,Store_C,8365.32
2024-03-01,Store_C,7806.63
2024-03-02,Store_C,9084.47
2024-03-03,Store_C,10254.22
2024-03-04,Store_C,8184.9
2024-03-05,Store_C,10386.35
2024-03-06,Store_C,7926.23
2024-03-07,Store_C,8372.91
2024-03-08,Store_C,8270.99
2024-03-09,Store_C,9364.78
2024-03-10,Store_C,10267.46
2024-03-11,Store_C,7863.78
2024-03-12,Store_C,8699.15
2024-03-13,Store_C,8418.79
2024-03-14,Store_C,8816.85
2024-03-15,Store_C,8488.42
2024-03-16,Store_C,10319.45
2024-03-17,Store_C,11617.37
2024-03-18,Store_C,9297.08
2024-03-19,Store_C,8764.11
2024-03-20,Store_C,8177.2
2024-03-21,Store_C,9165.1
2024-03-22,Store_C,8778.4
2024-03-23,Store_C,12174.98
2024-03-24,Store_C,10318.73
2024-03-25,Store_C,9447.27
2024-03-26,Store_C,9610.04
2024-03-27,Store_C,8851.22
2024-03-28,Store_C,9131.99
2024-03-29,Store_C,9118.31
2024-03-30,Store_C,11058.76
2024-03-31,Store_C,9995.09
2024-04-01,Store_C,8966.88
2024-04-02,Store_C,11777.34
2024-04-03,Store_C,8560.3
2024-04-04,Store_C,9398.88
2024-04-05,Store_C,10073.86
2024-04-06,Store_C,10471.74
2024-04-07,Store_C,10176.87
2024-04-08,Store_C,9491.87
2024-04-09,Store_C,9713.46
2024-04-10,Store_C,9388.56
2024-04-11,Store_C,10160.83
2024-04-12,Store_C,9135.65
2024-04-13,Store_C,10639.12
2024-04-14,Store_C,10945.79
2024-04-15,Store_C,9796.92
2024-04-16,Store_C,9661.11
2024-04-17,Store_C,9058.63
2024-04-18,Store_C,10808.35
2024-04-19,Store_C,9611.19
2024-04-20,Store_C,11027.8
2024-04-21,Store_C,11296.44
2024-04-22,Store_C,9503.18
2024-04-23,Store_C,9860.26
2024-04-24,Store_C,9537.56
2024-04-25,Store_C,10084.16
2024-04-26,Store_C,9781.13
2024-04-27,Store_C,11290.28
2024-04-28,Store_C,10689.78
2024-04-29,Store_C,9594.6
2024-04-30,Store_C,9364.28
2024-05-01,Store_C,9700.47
2024-05-02,Store_C,8837.94
2024-05-03,Store_C,12758.76
2024-05-04,Store_C,11080.13
2024-05-05,Store_C,11429.49
2024-05-06,Store_C,10177.75
2024-05-07,Store_C,10777.38
2024-05-08,Store_C,15394.45
2024-05-09,Store_C,10764.36
2024-05-10,Store_C,10028.58
2024-05-11,Store_C,11254.39
2024-05-12,Store_C,11923.31
2024-05-13,Store_C,9504.75
2024-05-14,Store_C,10175.77
2024-05-15,Store_C,13346.11
2024-05-16,Store_C,10642.2
2024-05-17,Store_C,10674.9
2024-05-18,Store_C,11270.41
2024-05-19,Store_C,11445.27
2024-05-20,Store_C,10647.64
2024-05-21,Store_C,10072.31
2024-05-22,Store_C,11043.09
2024-05-23,Store_C,10774.88
2024-05-24,Store_C,10582.04
2024-05-25,Store_C,11925.53
2024-05-26,Store_C,11531.78
2024-05-27,Store_C,10246.02
2024-05-28,Store_C,10355.62
2024-05-29,Store_C,10808.96
2024-05-30,Store_C,10679.37
2024-05-31,Store_C,10394.72
2024-06-01,Store_C,12188.5
2024-06-02,Store_C,11760.19
2024-06-03,Store_C,10299.78
2024-06-04,Store_C,13073.06
2024-06-05,Store_C,10167.75
2024-06-06,Store_C,9856.18
2024-06-07,Store_C,10665.72
2024-06-08,Store_C,11587.58
2024-06-09,Store_C,11787.4
2024-06-10,Store_C,10231.59
2024-06-11,Store_C,11274.08
2024-06-12,Store_C,10390.14
2024-06-13,Store_C,10505.25
2024-06-14,Store_C,10896.13
2024-06-15,Store_C,11289.86
2024-06-16,Store_C,11259.04
2024-06-17,Store_C,10910.71
2024-06-18,Store_C,10520.94
2024-06-19,Store_C,12763.59
2024-06-20,Store_C,11025.16
2024-06-21,Store_C,10353.34
2024-06-22,Store_C,11834.5
2024-06-23,Store_C,11539.45
2024-06-24,Store_C,10886.79
2024-06-25,Store_C,11376.27
2024-06-26,Store_C,9855.69
2024-06-27,Store_C,10794.01
2024-06-28,Store_C,11146.46
2024-06-29,Store_C,11759.95
2024-06-30,Store_C,11419.54
2024-07-01,Store_C,10931.15
2024-07-02,Store_C,11203.91
2024-07-03,Store_C,11146.88
2024-07-04,Store_C,10892.54
2024-07-05,Store_C,10759.87
2024-07-06,Store_C,11503.74
2024-07-07,Store_C,12337.44
2024-07-08,Store_C,11080.57
2024-07-09,Store_C,10146.27
2024-07-10,Store_C,
2024-07-11,Store_C,10983.24
2024-07-12,Store_C,11083.93
2024-07-13,Store_C,11843.43
2024-07-14,Store_C,11461.54
2024-07-15,Store_C,10396.9
2024-07-16,Store_C,10146.16
2024-07-17,Store_C,10590.56
2024-07-18,Store_C,10486.16
2024-07-19,Store_C,11613.08
2024-07-20,Store_C,12229.83
2024-07-21,Store_C,12252.96
2024-07-22,Store_C,10778.88
2024-07-23,Store_C,10366.3
2024-07-24,Store_C,10396.27
2024-07-25,Store_C,10425.63
2024-07-26,Store_C,10588.14
2024-07-27,Store_C,11892.76
2024-07-28,Store_C,11692.44
2024-07-29,Store_C,14109.49
2024-07-30,Store_C,10153.27
2024-07-31,Store_C,9756.58
2024-08-01,Store_C,11013.4
2024-08-02,Store_C,11434.99
2024-08-03,Store_C,12162.33
2024-08-04,Store_C,10974.06
2024-08-05,Store_C,10705.56
2024-08-06,Store_C,10799.48
2024-08-07,Store_C,10101.01
2024-08-08,Store_C,10506.31
2024-08-09,Store_C,10036.59
2024-08-10,Store_C,12185.45
2024-08-11,Store_C,11611.17
2024-08-12,Store_C,9755.95
2024-08-13,Store_C,10490.3
2024-08-14,Store_C,10654.11
2024-08-15,Store_C,10222.82
2024-08-16,Store_C,10334.81
2024-08-17,Store_C,11275.21
2024-08-18,Store_C,10746.05
2024-08-19,Store_C,9967.03
2024-08-20,Store_C,10265.26
2024-08-21,Store_C,9932.14
2024-08-22,Store_C,10350.8
2024-08-23,Store_C,9759.28
2024-08-24,Store_C,10990.6
2024-08-25,Store_C,11517.56
2024-08-26,Store_C,9979.23
2024-08-27,Store_C,9653.14
2024-08-28,Store_C,10316.5
2024-08-29,Store_C,9471.68
2024-08-30,Store_C,9428.43
2024-08-31,Store_C,9626.41
2024-09-01,Store_C,10684.16
2024-09-02,Store_C,10321.26
2024-09-03,Store_C,8686.22
2024-09-04,Store_C,9193.71
2024-09-05,Store_C,9829.89
2024-09-06,Store_C,8526.28
2024-09-07,Store_C,10549.59
2024-09-08,Store_C,11309.48
2024-09-09,Store_C,10488.56
2024-09-10,Store_C,12949.23
2024-09-11,Store_C,9022.15
2024-09-12,Store_C,8979.56
2024-09-13,Store_C,9478.93
2024-09-14,Store_C,10741.02
2024-09-15,Store_C,11464.95
2024-09-16,Store_C,9791.93
2024-09-17,Store_C,9343.1
2024-09-18,Store_C,9116.74
2024-09-19,Store_C,10684.52
2024-09-20,Store_C,9521.0
2024-09-21,Store_C,10101.65
2024-09-22,Store_C,10286.32
2024-09-23,Store_C,8724.86
2024-09-24,Store_C,7971.29
2024-09-25,Store_C,9238.05
2024-09-26,Store_C,9911.11
2024-09-27,Store_C,8260.01
2024-09-28,Store_C,10260.04
2024-09-29,Store_C,9870.9
2024-09-30,Store_C,9205.36
2024-10-01,Store_C,
2024-10-02,Store_C,8257.53
2024-10-03,Store_C,8411.98
2024-10-04,Store_C,8457.95
2024-10-05,Store_C,10691.39
2024-10-06,Store_C,10641.55
2024-10-07,Store_C,8628.37
2024-10-08,Store_C,9335.78
2024-10-09,Store_C,8643.85
2024-10-10,Store_C,8545.91
2024-10-11,Store_C,8703.88
2024-10-12,Store_C,10011.75
2024-10-13,Store_C,9587.47
2024-10-14,Store_C,8614.15
2024-10-15,Store_C,8954.61
2024-10-16,Store_C,8617.83
2024-10-17,Store_C,11794.31
2024-10-18,Store_C,8744.75
2024-10-19,Store_C,10027.91
2024-10-20,Store_C,9658.04
2024-10-21,Store_C,8215.68
2024-10-22,Store_C,8509.27
2024-10-23,Store_C,9345.88
2024-10-24,Store_C,8275.56
2024-10-25,Store_C,7177.87
2024-10-26,Store_C,8759.62
2024-10-27,Store_C,8667.29
2024-10-28,Store_C,8790.67
2024-10-29,Store_C,8278.67
2024-10-30,Store_C,7651.49
2024-10-31,Store_C,8466.51
2024-11-01,Store_C,8684.24
2024-11-02,Store_C,13060.9
2024-11-03,Store_C,12710.61
2024-11-04,Store_C,11669.02
2024-11-05,Store_C,11969.76
2024-11-06,Store_C,11299.94
2024-11-07,Store_C,11520.55
2024-11-08,Store_C,11367.31
2024-11-09,Store_C,8529.54
2024-11-10,Store_C,9718.0
2024-11-11,Store_C,9021.55
2024-11-12,Store_C,7611.34
2024-11-13,Store_C,8470.89
2024-11-14,Store_C,7597.66
2024-11-15,Store_C,8047.87
2024-11-16,Store_C,9913.11
2024-11-17,Store_C,8934.63
2024-11-18,Store_C,7938.85
2024-11-19,Store_C,7076.26
2024-11-20,Store_C,7605.97
2024-11-21,Store_C,7003.56
2024-11-22,Store_C,8104.49
2024-11-23,Store_C,9509.76
2024-11-24,Store_C,8998.57
2024-11-25,Store_C,8006.77
2024-11-26,Store_C,7706.72
2024-11-27,Store_C,11472.09
2024-11-28,Store_C,7906.95
2024-11-29,Store_C,6892.64
2024-11-30,Store_C,9502.21
2024-12-01,Store_C,8862.8
2024-12-02,Store_C,7213.44
2024-12-03,Store_C,7603.61
2024-12-04,Store_C,6902.05
2024-12-05,Store_C,7207.87
2024-12-06,Store_C,7866.73
2024-12-07,Store_C,9126.96
2024-12-08,Store_C,9161.76
2024-12-09,Store_C,7790.77
2024-12-10,Store_C,7457.28
2024-12-11,Store_C,7759.5
2024-12-12,Store_C,7576.16
2024-12-13,Store_C,7009.74
2024-12-14,Store_C,8639.78
2024-12-15,Store_C,9431.22
2024-12-16,Store_C,8540.67
2024-12-17,Store_C,8096.0
2024-12-18,Store_C,8522.65
2024-12-19,Store_C,7830.85
2024-12-20,Store_C,8622.44
2024-12-21,Store_C,9998.37
2024-12-22,Store_C,8199.17
2024-12-23,Store_C,7910.11
2024-12-24,Store_C,7850.69
2024-12-25,Store_C,7613.05
2024-12-26,Store_C,8054.95
2024-12-27,Store_C,7846.75
2024-12-28,Store_C,8707.98
2024-12-29,Store_C,11092.76
2024-12-30,Store_C,12993.41
2024-12-31,Store_C,9984.55
